url,sitemap,lifecycle,direction,business_role,lastmod,gsc_age_gate,current_main_sha,repo_index_contract,production_evidence,gsc_page_state,gsc_impressions,gsc_clicks,gsc_avg_position,returned_query_count,distinct_intent_state,google_index_state,ga4_outcome,ai_citation_state,survival_decision,decision_basis,next_review_trigger
https://hermeslogisticsus.com/academy/apply/,sitemap-academy.xml,core_money,academy,commercial/service owner,2026-08-03,PRE_WINDOW_VERSION,51f5544a754d79ca0b2af897c608ad85016a2fca,SITEMAP_PRESENT_ON_CURRENT_MAIN,NOT_LIVE_READBACK_THIS_BATCH,PAGE_ROW_OBSERVED,1,0,5,1,COMMERCIAL_INTENT_REVIEW,UNKNOWN_NO_URL_INSPECTION,ACCESS_GAP_NO_CONNECTED_GA4,UNOBSERVED_GOVERNED_LEDGER,PENDING_EVIDENCE,Authenticated page row exists but sample is small or role-specific; no destructive decision.,URL Inspection when access returns or next finalized GSC + business-role review
https://hermeslogisticsus.com/academy/countries/moldova/,sitemap-academy.xml,localization,academy,localized owner,2026-09-14,RECENT_14D_AT_GSC_END,51f5544a754d79ca0b2af897c608ad85016a2fca,SITEMAP_PRESENT_ON_CURRENT_MAIN,NOT_LIVE_READBACK_THIS_BATCH,NOT_OBSERVED_IN_RETURNED_ROWS,,,,,LANGUAGE_OWNER_REVIEW,UNKNOWN_NO_URL_INSPECTION,ACCESS_GAP_NO_CONNECTED_GA4,UNOBSERVED_GOVERNED_LEDGER,PENDING_EVIDENCE,No page row in returned GSC top set; absence here is not zero impressions or proof of non-indexation.,URL Inspection when access returns or next finalized GSC + business-role review
https://hermeslogisticsus.com/academy/countries/moldova/en/,sitemap-academy.xml,localization,academy,localized owner,2026-09-14,RECENT_14D_AT_GSC_END,51f5544a754d79ca0b2af897c608ad85016a2fca,SITEMAP_PRESENT_ON_CURRENT_MAIN,NOT_LIVE_READBACK_THIS_BATCH,NOT_OBSERVED_IN_RETURNED_ROWS,,,,,LANGUAGE_OWNER_REVIEW,UNKNOWN_NO_URL_INSPECTION,ACCESS_GAP_NO_CONNECTED_GA4,UNOBSERVED_GOVERNED_LEDGER,PENDING_EVIDENCE,No page row in returned GSC top set; absence here is not zero impressions or proof of non-indexation.,URL Inspection when access returns or next finalized GSC + business-role review
https://hermeslogisticsus.com/academy/countries/morocco/,sitemap-academy.xml,localization,academy,localized owner,2026-09-14,RECENT_14D_AT_GSC_END,51f5544a754d79ca0b2af897c608ad85016a2fca,SITEMAP_PRESENT_ON_CURRENT_MAIN,NOT_LIVE_READBACK_THIS_BATCH,NOT_OBSERVED_IN_RETURNED_ROWS,,,,,LANGUAGE_OWNER_REVIEW,UNKNOWN_NO_URL_INSPECTION,ACCESS_GAP_NO_CONNECTED_GA4,UNOBSERVED_GOVERNED_LEDGER,PENDING_EVIDENCE,No page row in returned GSC top set; absence here is not zero impressions or proof of non-indexation.,URL Inspection when access returns or next finalized GSC + business-role review
https://hermeslogisticsus.com/academy/countries/morocco/en/,sitemap-academy.xml,localization,academy,localized owner,2026-09-14,RECENT_14D_AT_GSC_END,51f5544a754d79ca0b2af897c608ad85016a2fca,SITEMAP_PRESENT_ON_CURRENT_MAIN,NOT_LIVE_READBACK_THIS_BATCH,NOT_OBSERVED_IN_RETURNED_ROWS,,,,,LANGUAGE_OWNER_REVIEW,UNKNOWN_NO_URL_INSPECTION,ACCESS_GAP_NO_CONNECTED_GA4,UNOBSERVED_GOVERNED_LEDGER,PENDING_EVIDENCE,No page row in returned GSC top set; absence here is not zero impressions or proof of non-indexation.,URL Inspection when access returns or next finalized GSC + business-role review
https://hermeslogisticsus.com/academy/countries/philippines/,sitemap-academy.xml,localization,academy,localized owner,2026-09-14,RECENT_14D_AT_GSC_END,51f5544a754d79ca0b2af897c608ad85016a2fca,SITEMAP_PRESENT_ON_CURRENT_MAIN,NOT_LIVE_READBACK_THIS_BATCH,NOT_OBSERVED_IN_RETURNED_ROWS,,,,,LANGUAGE_OWNER_REVIEW,UNKNOWN_NO_URL_INSPECTION,ACCESS_GAP_NO_CONNECTED_GA4,UNOBSERVED_GOVERNED_LEDGER,PENDING_EVIDENCE,No page row in returned GSC top set; absence here is not zero impressions or proof of non-indexation.,URL Inspection when access returns or next finalized GSC + business-role review
https://hermeslogisticsus.com/academy/countries/philippines/en/,sitemap-academy.xml,localization,academy,localized owner,2026-09-14,RECENT_14D_AT_GSC_END,51f5544a754d79ca0b2af897c608ad85016a2fca,SITEMAP_PRESENT_ON_CURRENT_MAIN,NOT_LIVE_READBACK_THIS_BATCH,NOT_OBSERVED_IN_RETURNED_ROWS,,,,,LANGUAGE_OWNER_REVIEW,UNKNOWN_NO_URL_INSPECTION,ACCESS_GAP_NO_CONNECTED_GA4,UNOBSERVED_GOVERNED_LEDGER,PENDING_EVIDENCE,No page row in returned GSC top set; absence here is not zero impressions or proof of non-indexation.,URL Inspection when access returns or next finalized GSC + business-role review
https://hermeslogisticsus.com/academy/countries/romania/,sitemap-academy.xml,localization,academy,localized owner,2026-09-14,RECENT_14D_AT_GSC_END,51f5544a754d79ca0b2af897c608ad85016a2fca,SITEMAP_PRESENT_ON_CURRENT_MAIN,NOT_LIVE_READBACK_THIS_BATCH,NOT_OBSERVED_IN_RETURNED_ROWS,,,,,LANGUAGE_OWNER_REVIEW,UNKNOWN_NO_URL_INSPECTION,ACCESS_GAP_NO_CONNECTED_GA4,UNOBSERVED_GOVERNED_LEDGER,PENDING_EVIDENCE,No page row in returned GSC top set; absence here is not zero impressions or proof of non-indexation.,URL Inspection when access returns or next finalized GSC + business-role review
https://hermeslogisticsus.com/academy/countries/romania/en/,sitemap-academy.xml,localization,academy,localized owner,2026-09-14,RECENT_14D_AT_GSC_END,51f5544a754d79ca0b2af897c608ad85016a2fca,SITEMAP_PRESENT_ON_CURRENT_MAIN,NOT_LIVE_READBACK_THIS_BATCH,NOT_OBSERVED_IN_RETURNED_ROWS,,,,,LANGUAGE_OWNER_REVIEW,UNKNOWN_NO_URL_INSPECTION,ACCESS_GAP_NO_CONNECTED_GA4,UNOBSERVED_GOVERNED_LEDGER,PENDING_EVIDENCE,No page row in returned GSC top set; absence here is not zero impressions or proof of non-indexation.,URL Inspection when access returns or next finalized GSC + business-role review
https://hermeslogisticsus.com/academy/countries/tajikistan/,sitemap-academy.xml,localization,academy,localized owner,2026-09-14,RECENT_14D_AT_GSC_END,51f5544a754d79ca0b2af897c608ad85016a2fca,SITEMAP_PRESENT_ON_CURRENT_MAIN,NOT_LIVE_READBACK_THIS_BATCH,NOT_OBSERVED_IN_RETURNED_ROWS,,,,,LANGUAGE_OWNER_REVIEW,UNKNOWN_NO_URL_INSPECTION,ACCESS_GAP_NO_CONNECTED_GA4,UNOBSERVED_GOVERNED_LEDGER,PENDING_EVIDENCE,No page row in returned GSC top set; absence here is not zero impressions or proof of non-indexation.,URL Inspection when access returns or next finalized GSC + business-role review
https://hermeslogisticsus.com/academy/countries/tajikistan/en/,sitemap-academy.xml,localization,academy,localized owner,2026-09-14,RECENT_14D_AT_GSC_END,51f5544a754d79ca0b2af897c608ad85016a2fca,SITEMAP_PRESENT_ON_CURRENT_MAIN,NOT_LIVE_READBACK_THIS_BATCH,NOT_OBSERVED_IN_RETURNED_ROWS,,,,,LANGUAGE_OWNER_REVIEW,UNKNOWN_NO_URL_INSPECTION,ACCESS_GAP_NO_CONNECTED_GA4,UNOBSERVED_GOVERNED_LEDGER,PENDING_EVIDENCE,No page row in returned GSC top set; absence here is not zero impressions or proof of non-indexation.,URL Inspection when access returns or next finalized GSC + business-role review
https://hermeslogisticsus.com/academy/countries/vietnam/,sitemap-academy.xml,localization,academy,localized owner,2026-09-14,RECENT_14D_AT_GSC_END,51f5544a754d79ca0b2af897c608ad85016a2fca,SITEMAP_PRESENT_ON_CURRENT_MAIN,NOT_LIVE_READBACK_THIS_BATCH,NOT_OBSERVED_IN_RETURNED_ROWS,,,,,LANGUAGE_OWNER_REVIEW,UNKNOWN_NO_URL_INSPECTION,ACCESS_GAP_NO_CONNECTED_GA4,UNOBSERVED_GOVERNED_LEDGER,PENDING_EVIDENCE,No page row in returned GSC top set; absence here is not zero impressions or proof of non-indexation.,URL Inspection when access returns or next finalized GSC + business-role review
https://hermeslogisticsus.com/academy/countries/vietnam/en/,sitemap-academy.xml,localization,academy,localized owner,2026-09-14,RECENT_14D_AT_GSC_END,51f5544a754d79ca0b2af897c608ad85016a2fca,SITEMAP_PRESENT_ON_CURRENT_MAIN,NOT_LIVE_READBACK_THIS_BATCH,NOT_OBSERVED_IN_RETURNED_ROWS,,,,,LANGUAGE_OWNER_REVIEW,UNKNOWN_NO_URL_INSPECTION,ACCESS_GAP_NO_CONNECTED_GA4,UNOBSERVED_GOVERNED_LEDGER,PENDING_EVIDENCE,No page row in returned GSC top set; absence here is not zero impressions or proof of non-indexation.,URL Inspection when access returns or next finalized GSC + business-role review
https://hermeslogisticsus.com/academy/how-training-works/,sitemap-academy.xml,core_money,academy,commercial/service owner,2026-08-03,PRE_WINDOW_VERSION,51f5544a754d79ca0b2af897c608ad85016a2fca,SITEMAP_PRESENT_ON_CURRENT_MAIN,NOT_LIVE_READBACK_THIS_BATCH,NOT_OBSERVED_IN_RETURNED_ROWS,,,,,COMMERCIAL_INTENT_REVIEW,UNKNOWN_NO_URL_INSPECTION,ACCESS_GAP_NO_CONNECTED_GA4,UNOBSERVED_GOVERNED_LEDGER,PENDING_EVIDENCE,No page row in returned GSC top set; absence here is not zero impressions or proof of non-indexation.,URL Inspection when access returns or next finalized GSC + business-role review
https://hermeslogisticsus.com/academy/marketing/,sitemap-academy.xml,core_money,academy,commercial/service owner,2026-08-19,PRE_WINDOW_VERSION,51f5544a754d79ca0b2af897c608ad85016a2fca,SITEMAP_PRESENT_ON_CURRENT_MAIN,NOT_LIVE_READBACK_THIS_BATCH,NOT_OBSERVED_IN_RETURNED_ROWS,,,,,COMMERCIAL_INTENT_REVIEW,UNKNOWN_NO_URL_INSPECTION,ACCESS_GAP_NO_CONNECTED_GA4,UNOBSERVED_GOVERNED_LEDGER,PENDING_EVIDENCE,No page row in returned GSC top set; absence here is not zero impressions or proof of non-indexation.,URL Inspection when access returns or next finalized GSC + business-role review
https://hermeslogisticsus.com/academy/resources/,sitemap-academy.xml,supporting_authority,academy,authority/evidence,2026-08-03,PRE_WINDOW_VERSION,51f5544a754d79ca0b2af897c608ad85016a2fca,SITEMAP_PRESENT_ON_CURRENT_MAIN,NOT_LIVE_READBACK_THIS_BATCH,NOT_OBSERVED_IN_RETURNED_ROWS,,,,,SUPPORTING_ROLE_REVIEW,UNKNOWN_NO_URL_INSPECTION,ACCESS_GAP_NO_CONNECTED_GA4,UNOBSERVED_GOVERNED_LEDGER,PENDING_EVIDENCE,No page row in returned GSC top set; absence here is not zero impressions or proof of non-indexation.,Entity/authority/usefulness evidence + next finalized search window
https://hermeslogisticsus.com/academy/us-logistics-operations/,sitemap-academy.xml,core_money,academy,commercial/service owner,2026-09-16,RECENT_14D_AT_GSC_END,51f5544a754d79ca0b2af897c608ad85016a2fca,SITEMAP_PRESENT_ON_CURRENT_MAIN,NOT_LIVE_READBACK_THIS_BATCH,NOT_OBSERVED_IN_RETURNED_ROWS,,,,,COMMERCIAL_INTENT_REVIEW,UNKNOWN_NO_URL_INSPECTION,ACCESS_GAP_NO_CONNECTED_GA4,UNOBSERVED_GOVERNED_LEDGER,PENDING_EVIDENCE,Authenticated page row exists but sample is small or role-specific; no destructive decision.,URL Inspection when access returns or next finalized GSC + business-role review
https://hermeslogisticsus.com/es/academy/us-logistics-operations/,sitemap-academy.xml,localization,academy,localized owner,2026-09-16,RECENT_14D_AT_GSC_END,51f5544a754d79ca0b2af897c608ad85016a2fca,SITEMAP_PRESENT_ON_CURRENT_MAIN,NOT_LIVE_READBACK_THIS_BATCH,NOT_OBSERVED_IN_RETURNED_ROWS,,,,,LANGUAGE_OWNER_REVIEW,UNKNOWN_NO_URL_INSPECTION,ACCESS_GAP_NO_CONNECTED_GA4,UNOBSERVED_GOVERNED_LEDGER,PENDING_EVIDENCE,No page row in returned GSC top set; absence here is not zero impressions or proof of non-indexation.,URL Inspection when access returns or next finalized GSC + business-role review
https://hermeslogisticsus.com/fr/academy/us-logistics-operations/,sitemap-academy.xml,localization,academy,localized owner,2026-09-16,RECENT_14D_AT_GSC_END,51f5544a754d79ca0b2af897c608ad85016a2fca,SITEMAP_PRESENT_ON_CURRENT_MAIN,NOT_LIVE_READBACK_THIS_BATCH,NOT_OBSERVED_IN_RETURNED_ROWS,,,,,LANGUAGE_OWNER_REVIEW,UNKNOWN_NO_URL_INSPECTION,ACCESS_GAP_NO_CONNECTED_GA4,UNOBSERVED_GOVERNED_LEDGER,PENDING_EVIDENCE,No page row in returned GSC top set; absence here is not zero impressions or proof of non-indexation.,URL Inspection when access returns or next finalized GSC + business-role review
https://hermeslogisticsus.com/it/academy/us-logistics-operations/,sitemap-academy.xml,localization,academy,localized owner,2026-09-16,RECENT_14D_AT_GSC_END,51f5544a754d79ca0b2af897c608ad85016a2fca,SITEMAP_PRESENT_ON_CURRENT_MAIN,NOT_LIVE_READBACK_THIS_BATCH,NOT_OBSERVED_IN_RETURNED_ROWS,,,,,LANGUAGE_OWNER_REVIEW,UNKNOWN_NO_URL_INSPECTION,ACCESS_GAP_NO_CONNECTED_GA4,UNOBSERVED_GOVERNED_LEDGER,PENDING_EVIDENCE,No page row in returned GSC top set; absence here is not zero impressions or proof of non-indexation.,URL Inspection when access returns or next finalized GSC + business-role review
https://hermeslogisticsus.com/ru/academy/us-logistics-operations/,sitemap-academy.xml,localization,academy,localized owner,2026-09-16,RECENT_14D_AT_GSC_END,51f5544a754d79ca0b2af897c608ad85016a2fca,SITEMAP_PRESENT_ON_CURRENT_MAIN,NOT_LIVE_READBACK_THIS_BATCH,NOT_OBSERVED_IN_RETURNED_ROWS,,,,,LANGUAGE_OWNER_REVIEW,UNKNOWN_NO_URL_INSPECTION,ACCESS_GAP_NO_CONNECTED_GA4,UNOBSERVED_GOVERNED_LEDGER,PENDING_EVIDENCE,No page row in returned GSC top set; absence here is not zero impressions or proof of non-indexation.,URL Inspection when access returns or next finalized GSC + business-role review
https://hermeslogisticsus.com/ua/academy/apply/,sitemap-academy.xml,localization,academy,localized owner,2026-08-19,PRE_WINDOW_VERSION,51f5544a754d79ca0b2af897c608ad85016a2fca,SITEMAP_PRESENT_ON_CURRENT_MAIN,NOT_LIVE_READBACK_THIS_BATCH,NOT_OBSERVED_IN_RETURNED_ROWS,,,,,LANGUAGE_OWNER_REVIEW,UNKNOWN_NO_URL_INSPECTION,ACCESS_GAP_NO_CONNECTED_GA4,UNOBSERVED_GOVERNED_LEDGER,PENDING_EVIDENCE,No page row in returned GSC top set; absence here is not zero impressions or proof of non-indexation.,URL Inspection when access returns or next finalized GSC + business-role review
https://hermeslogisticsus.com/ua/academy/marketing/,sitemap-academy.xml,localization,academy,localized owner,2026-08-19,PRE_WINDOW_VERSION,51f5544a754d79ca0b2af897c608ad85016a2fca,SITEMAP_PRESENT_ON_CURRENT_MAIN,NOT_LIVE_READBACK_THIS_BATCH,NOT_OBSERVED_IN_RETURNED_ROWS,,,,,LANGUAGE_OWNER_REVIEW,UNKNOWN_NO_URL_INSPECTION,ACCESS_GAP_NO_CONNECTED_GA4,UNOBSERVED_GOVERNED_LEDGER,PENDING_EVIDENCE,No page row in returned GSC top set; absence here is not zero impressions or proof of non-indexation.,URL Inspection when access returns or next finalized GSC + business-role review
https://hermeslogisticsus.com/ua/academy/us-logistics-operations/,sitemap-academy.xml,localization,academy,localized owner,2026-09-16,RECENT_14D_AT_GSC_END,51f5544a754d79ca0b2af897c608ad85016a2fca,SITEMAP_PRESENT_ON_CURRENT_MAIN,NOT_LIVE_READBACK_THIS_BATCH,NOT_OBSERVED_IN_RETURNED_ROWS,,,,,LANGUAGE_OWNER_REVIEW,UNKNOWN_NO_URL_INSPECTION,ACCESS_GAP_NO_CONNECTED_GA4,UNOBSERVED_GOVERNED_LEDGER,PENDING_EVIDENCE,No page row in returned GSC top set; absence here is not zero impressions or proof of non-indexation.,URL Inspection when access returns or next finalized GSC + business-role review
https://hermeslogisticsus.com/businesses/,sitemap-business-directory.xml,catalog,catalog,public discovery/entity,2026-09-24,POST_GSC_WINDOW,51f5544a754d79ca0b2af897c608ad85016a2fca,SITEMAP_PRESENT_ON_CURRENT_MAIN,NOT_LIVE_READBACK_THIS_BATCH,PAGE_ROW_OBSERVED,1,0,10,,ENTITY_DISCOVERY_VALUE_REVIEW,UNKNOWN_NO_URL_INSPECTION,ACCESS_GAP_NO_CONNECTED_GA4,UNOBSERVED_GOVERNED_LEDGER,PENDING_EVIDENCE,Current version is newer than the finalized GSC window; search outcome cannot yet judge this version.,Finalized GSC window after 2026-09-24 + URL/index evidence if available
https://hermeslogisticsus.com/businesses/alabama/,sitemap-business-directory.xml,catalog,catalog,public discovery/entity,2026-09-24,POST_GSC_WINDOW,51f5544a754d79ca0b2af897c608ad85016a2fca,SITEMAP_PRESENT_ON_CURRENT_MAIN,NOT_LIVE_READBACK_THIS_BATCH,NOT_OBSERVED_IN_RETURNED_ROWS,,,,,ENTITY_DISCOVERY_VALUE_REVIEW,UNKNOWN_NO_URL_INSPECTION,ACCESS_GAP_NO_CONNECTED_GA4,UNOBSERVED_GOVERNED_LEDGER,PENDING_EVIDENCE,Current version is newer than the finalized GSC window; search outcome cannot yet judge this version.,Finalized GSC window after 2026-09-24 + URL/index evidence if available
https://hermeslogisticsus.com/businesses/alabama/brookwood/,sitemap-business-directory.xml,catalog,catalog,public discovery/entity,2026-09-24,POST_GSC_WINDOW,51f5544a754d79ca0b2af897c608ad85016a2fca,SITEMAP_PRESENT_ON_CURRENT_MAIN,NOT_LIVE_READBACK_THIS_BATCH,NOT_OBSERVED_IN_RETURNED_ROWS,,,,,ENTITY_DISCOVERY_VALUE_REVIEW,UNKNOWN_NO_URL_INSPECTION,ACCESS_GAP_NO_CONNECTED_GA4,UNOBSERVED_GOVERNED_LEDGER,PENDING_EVIDENCE,Current version is newer than the finalized GSC window; search outcome cannot yet judge this version.,Finalized GSC window after 2026-09-24 + URL/index evidence if available
https://hermeslogisticsus.com/businesses/alabama/brookwood/diamondback-truck-trailer-repair-brookwood/,sitemap-business-directory.xml,catalog,catalog,public discovery/entity,2026-09-24,POST_GSC_WINDOW,51f5544a754d79ca0b2af897c608ad85016a2fca,SITEMAP_PRESENT_ON_CURRENT_MAIN,NOT_LIVE_READBACK_THIS_BATCH,NOT_OBSERVED_IN_RETURNED_ROWS,,,,,ENTITY_DISCOVERY_VALUE_REVIEW,UNKNOWN_NO_URL_INSPECTION,ACCESS_GAP_NO_CONNECTED_GA4,UNOBSERVED_GOVERNED_LEDGER,PENDING_EVIDENCE,Current version is newer than the finalized GSC window; search outcome cannot yet judge this version.,Finalized GSC window after 2026-09-24 + URL/index evidence if available
https://hermeslogisticsus.com/businesses/alaska/,sitemap-business-directory.xml,catalog,catalog,public discovery/entity,2026-09-10,RECENT_14D_AT_GSC_END,51f5544a754d79ca0b2af897c608ad85016a2fca,SITEMAP_PRESENT_ON_CURRENT_MAIN,NOT_LIVE_READBACK_THIS_BATCH,NOT_OBSERVED_IN_RETURNED_ROWS,,,,,ENTITY_DISCOVERY_VALUE_REVIEW,UNKNOWN_NO_URL_INSPECTION,ACCESS_GAP_NO_CONNECTED_GA4,UNOBSERVED_GOVERNED_LEDGER,PENDING_EVIDENCE,No page row in returned GSC top set; absence here is not zero impressions or proof of non-indexation.,Entity/authority/usefulness evidence + next finalized search window
https://hermeslogisticsus.com/businesses/alaska/palmer/,sitemap-business-directory.xml,catalog,catalog,public discovery/entity,2026-09-10,RECENT_14D_AT_GSC_END,51f5544a754d79ca0b2af897c608ad85016a2fca,SITEMAP_PRESENT_ON_CURRENT_MAIN,NOT_LIVE_READBACK_THIS_BATCH,NOT_OBSERVED_IN_RETURNED_ROWS,,,,,ENTITY_DISCOVERY_VALUE_REVIEW,UNKNOWN_NO_URL_INSPECTION,ACCESS_GAP_NO_CONNECTED_GA4,UNOBSERVED_GOVERNED_LEDGER,PENDING_EVIDENCE,No page row in returned GSC top set; absence here is not zero impressions or proof of non-indexation.,Entity/authority/usefulness evidence + next finalized search window
https://hermeslogisticsus.com/businesses/alaska/palmer/gold-standard-diesel-and-fleet/,sitemap-business-directory.xml,catalog,catalog,public discovery/entity,2026-09-10,RECENT_14D_AT_GSC_END,51f5544a754d79ca0b2af897c608ad85016a2fca,SITEMAP_PRESENT_ON_CURRENT_MAIN,NOT_LIVE_READBACK_THIS_BATCH,NOT_OBSERVED_IN_RETURNED_ROWS,,,,,ENTITY_DISCOVERY_VALUE_REVIEW,UNKNOWN_NO_URL_INSPECTION,ACCESS_GAP_NO_CONNECTED_GA4,UNOBSERVED_GOVERNED_LEDGER,PENDING_EVIDENCE,No page row in returned GSC top set; absence here is not zero impressions or proof of non-indexation.,Entity/authority/usefulness evidence + next finalized search window
https://hermeslogisticsus.com/businesses/arkansas/,sitemap-business-directory.xml,catalog,catalog,public discovery/entity,2026-09-10,RECENT_14D_AT_GSC_END,51f5544a754d79ca0b2af897c608ad85016a2fca,SITEMAP_PRESENT_ON_CURRENT_MAIN,NOT_LIVE_READBACK_THIS_BATCH,NOT_OBSERVED_IN_RETURNED_ROWS,,,,,ENTITY_DISCOVERY_VALUE_REVIEW,UNKNOWN_NO_URL_INSPECTION,ACCESS_GAP_NO_CONNECTED_GA4,UNOBSERVED_GOVERNED_LEDGER,PENDING_EVIDENCE,No page row in returned GSC top set; absence here is not zero impressions or proof of non-indexation.,Entity/authority/usefulness evidence + next finalized search window
https://hermeslogisticsus.com/businesses/arkansas/sherwood/,sitemap-business-directory.xml,catalog,catalog,public discovery/entity,2026-09-09,RECENT_14D_AT_GSC_END,51f5544a754d79ca0b2af897c608ad85016a2fca,SITEMAP_PRESENT_ON_CURRENT_MAIN,NOT_LIVE_READBACK_THIS_BATCH,NOT_OBSERVED_IN_RETURNED_ROWS,,,,,ENTITY_DISCOVERY_VALUE_REVIEW,UNKNOWN_NO_URL_INSPECTION,ACCESS_GAP_NO_CONNECTED_GA4,UNOBSERVED_GOVERNED_LEDGER,PENDING_EVIDENCE,No page row in returned GSC top set; absence here is not zero impressions or proof of non-indexation.,Entity/authority/usefulness evidence + next finalized search window
https://hermeslogisticsus.com/businesses/arkansas/sherwood/seans-autopro-mobile/,sitemap-business-directory.xml,catalog,catalog,public discovery/entity,2026-09-09,RECENT_14D_AT_GSC_END,51f5544a754d79ca0b2af897c608ad85016a2fca,SITEMAP_PRESENT_ON_CURRENT_MAIN,NOT_LIVE_READBACK_THIS_BATCH,NOT_OBSERVED_IN_RETURNED_ROWS,,,,,ENTITY_DISCOVERY_VALUE_REVIEW,UNKNOWN_NO_URL_INSPECTION,ACCESS_GAP_NO_CONNECTED_GA4,UNOBSERVED_GOVERNED_LEDGER,PENDING_EVIDENCE,No page row in returned GSC top set; absence here is not zero impressions or proof of non-indexation.,Entity/authority/usefulness evidence + next finalized search window
https://hermeslogisticsus.com/businesses/california/,sitemap-business-directory.xml,catalog,catalog,public discovery/entity,2026-09-24,POST_GSC_WINDOW,51f5544a754d79ca0b2af897c608ad85016a2fca,SITEMAP_PRESENT_ON_CURRENT_MAIN,NOT_LIVE_READBACK_THIS_BATCH,NOT_OBSERVED_IN_RETURNED_ROWS,,,,,ENTITY_DISCOVERY_VALUE_REVIEW,UNKNOWN_NO_URL_INSPECTION,ACCESS_GAP_NO_CONNECTED_GA4,UNOBSERVED_GOVERNED_LEDGER,PENDING_EVIDENCE,Current version is newer than the finalized GSC window; search outcome cannot yet judge this version.,Finalized GSC window after 2026-09-24 + URL/index evidence if available
https://hermeslogisticsus.com/businesses/california/colton/,sitemap-business-directory.xml,catalog,catalog,public discovery/entity,2026-09-24,POST_GSC_WINDOW,51f5544a754d79ca0b2af897c608ad85016a2fca,SITEMAP_PRESENT_ON_CURRENT_MAIN,NOT_LIVE_READBACK_THIS_BATCH,NOT_OBSERVED_IN_RETURNED_ROWS,,,,,ENTITY_DISCOVERY_VALUE_REVIEW,UNKNOWN_NO_URL_INSPECTION,ACCESS_GAP_NO_CONNECTED_GA4,UNOBSERVED_GOVERNED_LEDGER,PENDING_EVIDENCE,Current version is newer than the finalized GSC window; search outcome cannot yet judge this version.,Finalized GSC window after 2026-09-24 + URL/index evidence if available
https://hermeslogisticsus.com/businesses/california/colton/westrux-international-colton/,sitemap-business-directory.xml,catalog,catalog,public discovery/entity,2026-09-24,POST_GSC_WINDOW,51f5544a754d79ca0b2af897c608ad85016a2fca,SITEMAP_PRESENT_ON_CURRENT_MAIN,NOT_LIVE_READBACK_THIS_BATCH,NOT_OBSERVED_IN_RETURNED_ROWS,,,,,ENTITY_DISCOVERY_VALUE_REVIEW,UNKNOWN_NO_URL_INSPECTION,ACCESS_GAP_NO_CONNECTED_GA4,UNOBSERVED_GOVERNED_LEDGER,PENDING_EVIDENCE,Current version is newer than the finalized GSC window; search outcome cannot yet judge this version.,Finalized GSC window after 2026-09-24 + URL/index evidence if available
https://hermeslogisticsus.com/businesses/california/riverside/,sitemap-business-directory.xml,catalog,catalog,public discovery/entity,2026-09-24,POST_GSC_WINDOW,51f5544a754d79ca0b2af897c608ad85016a2fca,SITEMAP_PRESENT_ON_CURRENT_MAIN,NOT_LIVE_READBACK_THIS_BATCH,NOT_OBSERVED_IN_RETURNED_ROWS,,,,,ENTITY_DISCOVERY_VALUE_REVIEW,UNKNOWN_NO_URL_INSPECTION,ACCESS_GAP_NO_CONNECTED_GA4,UNOBSERVED_GOVERNED_LEDGER,PENDING_EVIDENCE,Current version is newer than the finalized GSC window; search outcome cannot yet judge this version.,Finalized GSC window after 2026-09-24 + URL/index evidence if available
https://hermeslogisticsus.com/businesses/california/riverside/freightfix-riverside-county/,sitemap-business-directory.xml,catalog,catalog,public discovery/entity,2026-09-24,POST_GSC_WINDOW,51f5544a754d79ca0b2af897c608ad85016a2fca,SITEMAP_PRESENT_ON_CURRENT_MAIN,NOT_LIVE_READBACK_THIS_BATCH,NOT_OBSERVED_IN_RETURNED_ROWS,,,,,ENTITY_DISCOVERY_VALUE_REVIEW,UNKNOWN_NO_URL_INSPECTION,ACCESS_GAP_NO_CONNECTED_GA4,UNOBSERVED_GOVERNED_LEDGER,PENDING_EVIDENCE,Current version is newer than the finalized GSC window; search outcome cannot yet judge this version.,Finalized GSC window after 2026-09-24 + URL/index evidence if available
https://hermeslogisticsus.com/businesses/illinois/,sitemap-business-directory.xml,catalog,catalog,public discovery/entity,2026-09-24,POST_GSC_WINDOW,51f5544a754d79ca0b2af897c608ad85016a2fca,SITEMAP_PRESENT_ON_CURRENT_MAIN,NOT_LIVE_READBACK_THIS_BATCH,NOT_OBSERVED_IN_RETURNED_ROWS,,,,,ENTITY_DISCOVERY_VALUE_REVIEW,UNKNOWN_NO_URL_INSPECTION,ACCESS_GAP_NO_CONNECTED_GA4,UNOBSERVED_GOVERNED_LEDGER,PENDING_EVIDENCE,Current version is newer than the finalized GSC window; search outcome cannot yet judge this version.,Finalized GSC window after 2026-09-24 + URL/index evidence if available
https://hermeslogisticsus.com/businesses/illinois/crystal-lake/,sitemap-business-directory.xml,catalog,catalog,public discovery/entity,2026-09-24,POST_GSC_WINDOW,51f5544a754d79ca0b2af897c608ad85016a2fca,SITEMAP_PRESENT_ON_CURRENT_MAIN,NOT_LIVE_READBACK_THIS_BATCH,NOT_OBSERVED_IN_RETURNED_ROWS,,,,,ENTITY_DISCOVERY_VALUE_REVIEW,UNKNOWN_NO_URL_INSPECTION,ACCESS_GAP_NO_CONNECTED_GA4,UNOBSERVED_GOVERNED_LEDGER,PENDING_EVIDENCE,Current version is newer than the finalized GSC window; search outcome cannot yet judge this version.,Finalized GSC window after 2026-09-24 + URL/index evidence if available
https://hermeslogisticsus.com/businesses/illinois/crystal-lake/carss-crystal-lake/,sitemap-business-directory.xml,catalog,catalog,public discovery/entity,2026-09-24,POST_GSC_WINDOW,51f5544a754d79ca0b2af897c608ad85016a2fca,SITEMAP_PRESENT_ON_CURRENT_MAIN,NOT_LIVE_READBACK_THIS_BATCH,NOT_OBSERVED_IN_RETURNED_ROWS,,,,,ENTITY_DISCOVERY_VALUE_REVIEW,UNKNOWN_NO_URL_INSPECTION,ACCESS_GAP_NO_CONNECTED_GA4,UNOBSERVED_GOVERNED_LEDGER,PENDING_EVIDENCE,Current version is newer than the finalized GSC window; search outcome cannot yet judge this version.,Finalized GSC window after 2026-09-24 + URL/index evidence if available
https://hermeslogisticsus.com/businesses/illinois/east-dundee/,sitemap-business-directory.xml,catalog,catalog,public discovery/entity,2026-09-24,POST_GSC_WINDOW,51f5544a754d79ca0b2af897c608ad85016a2fca,SITEMAP_PRESENT_ON_CURRENT_MAIN,NOT_LIVE_READBACK_THIS_BATCH,NOT_OBSERVED_IN_RETURNED_ROWS,,,,,ENTITY_DISCOVERY_VALUE_REVIEW,UNKNOWN_NO_URL_INSPECTION,ACCESS_GAP_NO_CONNECTED_GA4,UNOBSERVED_GOVERNED_LEDGER,PENDING_EVIDENCE,Current version is newer than the finalized GSC window; search outcome cannot yet judge this version.,Finalized GSC window after 2026-09-24 + URL/index evidence if available
https://hermeslogisticsus.com/businesses/illinois/east-dundee/dieselhub-service-east-dundee/,sitemap-business-directory.xml,catalog,catalog,public discovery/entity,2026-09-24,POST_GSC_WINDOW,51f5544a754d79ca0b2af897c608ad85016a2fca,SITEMAP_PRESENT_ON_CURRENT_MAIN,NOT_LIVE_READBACK_THIS_BATCH,NOT_OBSERVED_IN_RETURNED_ROWS,,,,,ENTITY_DISCOVERY_VALUE_REVIEW,UNKNOWN_NO_URL_INSPECTION,ACCESS_GAP_NO_CONNECTED_GA4,UNOBSERVED_GOVERNED_LEDGER,PENDING_EVIDENCE,Current version is newer than the finalized GSC window; search outcome cannot yet judge this version.,Finalized GSC window after 2026-09-24 + URL/index evidence if available
https://hermeslogisticsus.com/businesses/iowa/,sitemap-business-directory.xml,catalog,catalog,public discovery/entity,2026-09-24,POST_GSC_WINDOW,51f5544a754d79ca0b2af897c608ad85016a2fca,SITEMAP_PRESENT_ON_CURRENT_MAIN,NOT_LIVE_READBACK_THIS_BATCH,NOT_OBSERVED_IN_RETURNED_ROWS,,,,,ENTITY_DISCOVERY_VALUE_REVIEW,UNKNOWN_NO_URL_INSPECTION,ACCESS_GAP_NO_CONNECTED_GA4,UNOBSERVED_GOVERNED_LEDGER,PENDING_EVIDENCE,Current version is newer than the finalized GSC window; search outcome cannot yet judge this version.,Finalized GSC window after 2026-09-24 + URL/index evidence if available
https://hermeslogisticsus.com/businesses/iowa/bedford/,sitemap-business-directory.xml,catalog,catalog,public discovery/entity,2026-09-24,POST_GSC_WINDOW,51f5544a754d79ca0b2af897c608ad85016a2fca,SITEMAP_PRESENT_ON_CURRENT_MAIN,NOT_LIVE_READBACK_THIS_BATCH,NOT_OBSERVED_IN_RETURNED_ROWS,,,,,ENTITY_DISCOVERY_VALUE_REVIEW,UNKNOWN_NO_URL_INSPECTION,ACCESS_GAP_NO_CONNECTED_GA4,UNOBSERVED_GOVERNED_LEDGER,PENDING_EVIDENCE,Current version is newer than the finalized GSC window; search outcome cannot yet judge this version.,Finalized GSC window after 2026-09-24 + URL/index evidence if available
https://hermeslogisticsus.com/businesses/iowa/bedford/hawhee-truck-repair-bedford/,sitemap-business-directory.xml,catalog,catalog,public discovery/entity,2026-09-24,POST_GSC_WINDOW,51f5544a754d79ca0b2af897c608ad85016a2fca,SITEMAP_PRESENT_ON_CURRENT_MAIN,NOT_LIVE_READBACK_THIS_BATCH,NOT_OBSERVED_IN_RETURNED_ROWS,,,,,ENTITY_DISCOVERY_VALUE_REVIEW,UNKNOWN_NO_URL_INSPECTION,ACCESS_GAP_NO_CONNECTED_GA4,UNOBSERVED_GOVERNED_LEDGER,PENDING_EVIDENCE,Current version is newer than the finalized GSC window; search outcome cannot yet judge this version.,Finalized GSC window after 2026-09-24 + URL/index evidence if available
https://hermeslogisticsus.com/businesses/oklahoma/,sitemap-business-directory.xml,catalog,catalog,public discovery/entity,2026-09-24,POST_GSC_WINDOW,51f5544a754d79ca0b2af897c608ad85016a2fca,SITEMAP_PRESENT_ON_CURRENT_MAIN,NOT_LIVE_READBACK_THIS_BATCH,NOT_OBSERVED_IN_RETURNED_ROWS,,,,,ENTITY_DISCOVERY_VALUE_REVIEW,UNKNOWN_NO_URL_INSPECTION,ACCESS_GAP_NO_CONNECTED_GA4,UNOBSERVED_GOVERNED_LEDGER,PENDING_EVIDENCE,Current version is newer than the finalized GSC window; search outcome cannot yet judge this version.,Finalized GSC window after 2026-09-24 + URL/index evidence if available
https://hermeslogisticsus.com/businesses/oklahoma/tulsa/,sitemap-business-directory.xml,catalog,catalog,public discovery/entity,2026-09-24,POST_GSC_WINDOW,51f5544a754d79ca0b2af897c608ad85016a2fca,SITEMAP_PRESENT_ON_CURRENT_MAIN,NOT_LIVE_READBACK_THIS_BATCH,NOT_OBSERVED_IN_RETURNED_ROWS,,,,,ENTITY_DISCOVERY_VALUE_REVIEW,UNKNOWN_NO_URL_INSPECTION,ACCESS_GAP_NO_CONNECTED_GA4,UNOBSERVED_GOVERNED_LEDGER,PENDING_EVIDENCE,Current version is newer than the finalized GSC window; search outcome cannot yet judge this version.,Finalized GSC window after 2026-09-24 + URL/index evidence if available
https://hermeslogisticsus.com/businesses/oklahoma/tulsa/holt-truck-centers-tulsa/,sitemap-business-directory.xml,catalog,catalog,public discovery/entity,2026-09-24,POST_GSC_WINDOW,51f5544a754d79ca0b2af897c608ad85016a2fca,SITEMAP_PRESENT_ON_CURRENT_MAIN,NOT_LIVE_READBACK_THIS_BATCH,NOT_OBSERVED_IN_RETURNED_ROWS,,,,,ENTITY_DISCOVERY_VALUE_REVIEW,UNKNOWN_NO_URL_INSPECTION,ACCESS_GAP_NO_CONNECTED_GA4,UNOBSERVED_GOVERNED_LEDGER,PENDING_EVIDENCE,Current version is newer than the finalized GSC window; search outcome cannot yet judge this version.,Finalized GSC window after 2026-09-24 + URL/index evidence if available
https://hermeslogisticsus.com/businesses/south-dakota/,sitemap-business-directory.xml,catalog,catalog,public discovery/entity,2026-09-24,POST_GSC_WINDOW,51f5544a754d79ca0b2af897c608ad85016a2fca,SITEMAP_PRESENT_ON_CURRENT_MAIN,NOT_LIVE_READBACK_THIS_BATCH,NOT_OBSERVED_IN_RETURNED_ROWS,,,,,ENTITY_DISCOVERY_VALUE_REVIEW,UNKNOWN_NO_URL_INSPECTION,ACCESS_GAP_NO_CONNECTED_GA4,UNOBSERVED_GOVERNED_LEDGER,PENDING_EVIDENCE,Current version is newer than the finalized GSC window; search outcome cannot yet judge this version.,Finalized GSC window after 2026-09-24 + URL/index evidence if available
https://hermeslogisticsus.com/businesses/south-dakota/mitchell/,sitemap-business-directory.xml,catalog,catalog,public discovery/entity,2026-09-24,POST_GSC_WINDOW,51f5544a754d79ca0b2af897c608ad85016a2fca,SITEMAP_PRESENT_ON_CURRENT_MAIN,NOT_LIVE_READBACK_THIS_BATCH,NOT_OBSERVED_IN_RETURNED_ROWS,,,,,ENTITY_DISCOVERY_VALUE_REVIEW,UNKNOWN_NO_URL_INSPECTION,ACCESS_GAP_NO_CONNECTED_GA4,UNOBSERVED_GOVERNED_LEDGER,PENDING_EVIDENCE,Current version is newer than the finalized GSC window; search outcome cannot yet judge this version.,Finalized GSC window after 2026-09-24 + URL/index evidence if available
https://hermeslogisticsus.com/businesses/south-dakota/mitchell/ag-diesel-mitchell/,sitemap-business-directory.xml,catalog,catalog,public discovery/entity,2026-09-24,POST_GSC_WINDOW,51f5544a754d79ca0b2af897c608ad85016a2fca,SITEMAP_PRESENT_ON_CURRENT_MAIN,NOT_LIVE_READBACK_THIS_BATCH,NOT_OBSERVED_IN_RETURNED_ROWS,,,,,ENTITY_DISCOVERY_VALUE_REVIEW,UNKNOWN_NO_URL_INSPECTION,ACCESS_GAP_NO_CONNECTED_GA4,UNOBSERVED_GOVERNED_LEDGER,PENDING_EVIDENCE,Current version is newer than the finalized GSC window; search outcome cannot yet judge this version.,Finalized GSC window after 2026-09-24 + URL/index evidence if available
https://hermeslogisticsus.com/businesses/texas/,sitemap-business-directory.xml,catalog,catalog,public discovery/entity,2026-09-22,RECENT_14D_AT_GSC_END,51f5544a754d79ca0b2af897c608ad85016a2fca,SITEMAP_PRESENT_ON_CURRENT_MAIN,NOT_LIVE_READBACK_THIS_BATCH,NOT_OBSERVED_IN_RETURNED_ROWS,,,,,ENTITY_DISCOVERY_VALUE_REVIEW,UNKNOWN_NO_URL_INSPECTION,ACCESS_GAP_NO_CONNECTED_GA4,UNOBSERVED_GOVERNED_LEDGER,PENDING_EVIDENCE,No page row in returned GSC top set; absence here is not zero impressions or proof of non-indexation.,Entity/authority/usefulness evidence + next finalized search window
https://hermeslogisticsus.com/businesses/texas/dallas/,sitemap-business-directory.xml,catalog,catalog,public discovery/entity,2026-09-22,RECENT_14D_AT_GSC_END,51f5544a754d79ca0b2af897c608ad85016a2fca,SITEMAP_PRESENT_ON_CURRENT_MAIN,NOT_LIVE_READBACK_THIS_BATCH,NOT_OBSERVED_IN_RETURNED_ROWS,,,,,ENTITY_DISCOVERY_VALUE_REVIEW,UNKNOWN_NO_URL_INSPECTION,ACCESS_GAP_NO_CONNECTED_GA4,UNOBSERVED_GOVERNED_LEDGER,PENDING_EVIDENCE,No page row in returned GSC top set; absence here is not zero impressions or proof of non-indexation.,Entity/authority/usefulness evidence + next finalized search window
https://hermeslogisticsus.com/businesses/texas/dallas/legacy-toyota-of-dallas/,sitemap-business-directory.xml,catalog,catalog,public discovery/entity,2026-09-22,RECENT_14D_AT_GSC_END,51f5544a754d79ca0b2af897c608ad85016a2fca,SITEMAP_PRESENT_ON_CURRENT_MAIN,NOT_LIVE_READBACK_THIS_BATCH,NOT_OBSERVED_IN_RETURNED_ROWS,,,,,ENTITY_DISCOVERY_VALUE_REVIEW,UNKNOWN_NO_URL_INSPECTION,ACCESS_GAP_NO_CONNECTED_GA4,UNOBSERVED_GOVERNED_LEDGER,PENDING_EVIDENCE,No page row in returned GSC top set; absence here is not zero impressions or proof of non-indexation.,Entity/authority/usefulness evidence + next finalized search window
https://hermeslogisticsus.com/businesses/ukraine/,sitemap-business-directory.xml,catalog,catalog,public discovery/entity,2026-09-24,POST_GSC_WINDOW,51f5544a754d79ca0b2af897c608ad85016a2fca,SITEMAP_PRESENT_ON_CURRENT_MAIN,NOT_LIVE_READBACK_THIS_BATCH,NOT_OBSERVED_IN_RETURNED_ROWS,,,,,ENTITY_DISCOVERY_VALUE_REVIEW,UNKNOWN_NO_URL_INSPECTION,ACCESS_GAP_NO_CONNECTED_GA4,UNOBSERVED_GOVERNED_LEDGER,PENDING_EVIDENCE,Current version is newer than the finalized GSC window; search outcome cannot yet judge this version.,Finalized GSC window after 2026-09-24 + URL/index evidence if available
https://hermeslogisticsus.com/businesses/ukraine/chaiky/,sitemap-business-directory.xml,catalog,catalog,public discovery/entity,2026-09-24,POST_GSC_WINDOW,51f5544a754d79ca0b2af897c608ad85016a2fca,SITEMAP_PRESENT_ON_CURRENT_MAIN,NOT_LIVE_READBACK_THIS_BATCH,NOT_OBSERVED_IN_RETURNED_ROWS,,,,,ENTITY_DISCOVERY_VALUE_REVIEW,UNKNOWN_NO_URL_INSPECTION,ACCESS_GAP_NO_CONNECTED_GA4,UNOBSERVED_GOVERNED_LEDGER,PENDING_EVIDENCE,Current version is newer than the finalized GSC window; search outcome cannot yet judge this version.,Finalized GSC window after 2026-09-24 + URL/index evidence if available
https://hermeslogisticsus.com/businesses/ukraine/chaiky/chayka-store/,sitemap-business-directory.xml,catalog,catalog,public discovery/entity,2026-09-24,POST_GSC_WINDOW,51f5544a754d79ca0b2af897c608ad85016a2fca,SITEMAP_PRESENT_ON_CURRENT_MAIN,NOT_LIVE_READBACK_THIS_BATCH,NOT_OBSERVED_IN_RETURNED_ROWS,,,,,ENTITY_DISCOVERY_VALUE_REVIEW,UNKNOWN_NO_URL_INSPECTION,ACCESS_GAP_NO_CONNECTED_GA4,UNOBSERVED_GOVERNED_LEDGER,PENDING_EVIDENCE,Current version is newer than the finalized GSC window; search outcome cannot yet judge this version.,Finalized GSC window after 2026-09-24 + URL/index evidence if available
https://hermeslogisticsus.com/businesses/wyoming/,sitemap-business-directory.xml,catalog,catalog,public discovery/entity,2026-09-10,RECENT_14D_AT_GSC_END,51f5544a754d79ca0b2af897c608ad85016a2fca,SITEMAP_PRESENT_ON_CURRENT_MAIN,NOT_LIVE_READBACK_THIS_BATCH,NOT_OBSERVED_IN_RETURNED_ROWS,,,,,ENTITY_DISCOVERY_VALUE_REVIEW,UNKNOWN_NO_URL_INSPECTION,ACCESS_GAP_NO_CONNECTED_GA4,UNOBSERVED_GOVERNED_LEDGER,PENDING_EVIDENCE,No page row in returned GSC top set; absence here is not zero impressions or proof of non-indexation.,Entity/authority/usefulness evidence + next finalized search window
https://hermeslogisticsus.com/businesses/wyoming/glenrock/,sitemap-business-directory.xml,catalog,catalog,public discovery/entity,2026-09-10,RECENT_14D_AT_GSC_END,51f5544a754d79ca0b2af897c608ad85016a2fca,SITEMAP_PRESENT_ON_CURRENT_MAIN,NOT_LIVE_READBACK_THIS_BATCH,NOT_OBSERVED_IN_RETURNED_ROWS,,,,,ENTITY_DISCOVERY_VALUE_REVIEW,UNKNOWN_NO_URL_INSPECTION,ACCESS_GAP_NO_CONNECTED_GA4,UNOBSERVED_GOVERNED_LEDGER,PENDING_EVIDENCE,No page row in returned GSC top set; absence here is not zero impressions or proof of non-indexation.,Entity/authority/usefulness evidence + next finalized search window
https://hermeslogisticsus.com/businesses/wyoming/glenrock/iron-nation-services/,sitemap-business-directory.xml,catalog,catalog,public discovery/entity,2026-09-10,RECENT_14D_AT_GSC_END,51f5544a754d79ca0b2af897c608ad85016a2fca,SITEMAP_PRESENT_ON_CURRENT_MAIN,NOT_LIVE_READBACK_THIS_BATCH,NOT_OBSERVED_IN_RETURNED_ROWS,,,,,ENTITY_DISCOVERY_VALUE_REVIEW,UNKNOWN_NO_URL_INSPECTION,ACCESS_GAP_NO_CONNECTED_GA4,UNOBSERVED_GOVERNED_LEDGER,PENDING_EVIDENCE,No page row in returned GSC top set; absence here is not zero impressions or proof of non-indexation.,Entity/authority/usefulness evidence + next finalized search window
https://hermeslogisticsus.com/case/,sitemap-cases.xml,supporting_authority,cross,authority/evidence,2026-08-01,PRE_WINDOW_VERSION,51f5544a754d79ca0b2af897c608ad85016a2fca,SITEMAP_PRESENT_ON_CURRENT_MAIN,NOT_LIVE_READBACK_THIS_BATCH,PAGE_ROW_OBSERVED,2,0,88,,SUPPORTING_ROLE_REVIEW,UNKNOWN_NO_URL_INSPECTION,ACCESS_GAP_NO_CONNECTED_GA4,UNOBSERVED_GOVERNED_LEDGER,PENDING_EVIDENCE,Authenticated page row exists but sample is small or role-specific; no destructive decision.,Entity/authority/usefulness evidence + next finalized search window
https://hermeslogisticsus.com/case/appleton-vehicle-transport-seo/,sitemap-cases.xml,supporting_authority,cross,authority/evidence,2026-08-01,PRE_WINDOW_VERSION,51f5544a754d79ca0b2af897c608ad85016a2fca,SITEMAP_PRESENT_ON_CURRENT_MAIN,LIVE_200_CONTENT_VERIFIED_AFTER_1495,NOT_OBSERVED_IN_RETURNED_ROWS,,,,,SUPPORTING_ROLE_REVIEW,UNKNOWN_NO_URL_INSPECTION,ACCESS_GAP_NO_CONNECTED_GA4,UNOBSERVED_GOVERNED_LEDGER,PENDING_EVIDENCE,No page row in returned GSC top set; absence here is not zero impressions or proof of non-indexation.,Entity/authority/usefulness evidence + next finalized search window
https://hermeslogisticsus.com/download/,sitemap-digital-services.xml,experimental,cross,experimental/utility,2026-08-14,PRE_WINDOW_VERSION,51f5544a754d79ca0b2af897c608ad85016a2fca,SITEMAP_PRESENT_ON_CURRENT_MAIN,NOT_LIVE_READBACK_THIS_BATCH,PAGE_ROW_OBSERVED,10,0,21.4,,EXPERIMENT_PURPOSE_REVIEW,UNKNOWN_NO_URL_INSPECTION,ACCESS_GAP_NO_CONNECTED_GA4,UNOBSERVED_GOVERNED_LEDGER,KEEP,Authenticated page visibility is material and average position is <=30; preserve before any destructive action.,URL Inspection when access returns or next finalized GSC + business-role review
https://hermeslogisticsus.com/resources/logistics-seo-audit-sample/,sitemap-digital-services.xml,supporting_authority,logistics,authority/evidence,2026-08-05,PRE_WINDOW_VERSION,51f5544a754d79ca0b2af897c608ad85016a2fca,SITEMAP_PRESENT_ON_CURRENT_MAIN,NOT_LIVE_READBACK_THIS_BATCH,NOT_OBSERVED_IN_RETURNED_ROWS,,,,,SUPPORTING_ROLE_REVIEW,UNKNOWN_NO_URL_INSPECTION,ACCESS_GAP_NO_CONNECTED_GA4,UNOBSERVED_GOVERNED_LEDGER,PENDING_EVIDENCE,No page row in returned GSC top set; absence here is not zero impressions or proof of non-indexation.,Entity/authority/usefulness evidence + next finalized search window
https://hermeslogisticsus.com/resources/search-to-inquiry-conversion-checklist/,sitemap-digital-services.xml,supporting_authority,cross,authority/evidence,2026-08-03,PRE_WINDOW_VERSION,51f5544a754d79ca0b2af897c608ad85016a2fca,SITEMAP_PRESENT_ON_CURRENT_MAIN,NOT_LIVE_READBACK_THIS_BATCH,NOT_OBSERVED_IN_RETURNED_ROWS,,,,,SUPPORTING_ROLE_REVIEW,UNKNOWN_NO_URL_INSPECTION,ACCESS_GAP_NO_CONNECTED_GA4,UNOBSERVED_GOVERNED_LEDGER,PENDING_EVIDENCE,No page row in returned GSC top set; absence here is not zero impressions or proof of non-indexation.,Entity/authority/usefulness evidence + next finalized search window
https://hermeslogisticsus.com/resources/technical-seo-checklist/,sitemap-digital-services.xml,supporting_authority,cross,authority/evidence,2026-08-02,PRE_WINDOW_VERSION,51f5544a754d79ca0b2af897c608ad85016a2fca,SITEMAP_PRESENT_ON_CURRENT_MAIN,NOT_LIVE_READBACK_THIS_BATCH,NOT_OBSERVED_IN_RETURNED_ROWS,,,,,SUPPORTING_ROLE_REVIEW,UNKNOWN_NO_URL_INSPECTION,ACCESS_GAP_NO_CONNECTED_GA4,UNOBSERVED_GOVERNED_LEDGER,PENDING_EVIDENCE,No page row in returned GSC top set; absence here is not zero impressions or proof of non-indexation.,Entity/authority/usefulness evidence + next finalized search window
https://hermeslogisticsus.com/resources/website-project-brief-template/,sitemap-digital-services.xml,supporting_authority,cross,authority/evidence,2026-08-02,PRE_WINDOW_VERSION,51f5544a754d79ca0b2af897c608ad85016a2fca,SITEMAP_PRESENT_ON_CURRENT_MAIN,NOT_LIVE_READBACK_THIS_BATCH,NOT_OBSERVED_IN_RETURNED_ROWS,,,,,SUPPORTING_ROLE_REVIEW,UNKNOWN_NO_URL_INSPECTION,ACCESS_GAP_NO_CONNECTED_GA4,UNOBSERVED_GOVERNED_LEDGER,PENDING_EVIDENCE,No page row in returned GSC top set; absence here is not zero impressions or proof of non-indexation.,Entity/authority/usefulness evidence + next finalized search window
https://hermeslogisticsus.com/services/auto-repair-website-design/,sitemap-digital-services.xml,core_money,cross,commercial/service owner,2026-09-13,RECENT_14D_AT_GSC_END,51f5544a754d79ca0b2af897c608ad85016a2fca,SITEMAP_PRESENT_ON_CURRENT_MAIN,NOT_LIVE_READBACK_THIS_BATCH,NOT_OBSERVED_IN_RETURNED_ROWS,,,,,COMMERCIAL_INTENT_REVIEW,UNKNOWN_NO_URL_INSPECTION,ACCESS_GAP_NO_CONNECTED_GA4,UNOBSERVED_GOVERNED_LEDGER,PENDING_EVIDENCE,No page row in returned GSC top set; absence here is not zero impressions or proof of non-indexation.,URL Inspection when access returns or next finalized GSC + business-role review
https://hermeslogisticsus.com/services/hermes-connect/,sitemap-digital-services.xml,core_money,technology,commercial/service owner,2026-09-20,RECENT_14D_AT_GSC_END,51f5544a754d79ca0b2af897c608ad85016a2fca,SITEMAP_PRESENT_ON_CURRENT_MAIN,NOT_LIVE_READBACK_THIS_BATCH,NOT_OBSERVED_IN_RETURNED_ROWS,,,,,COMMERCIAL_INTENT_REVIEW,UNKNOWN_NO_URL_INSPECTION,ACCESS_GAP_NO_CONNECTED_GA4,UNOBSERVED_GOVERNED_LEDGER,PENDING_EVIDENCE,Only partial returned query×page evidence exists; full page/index/outcome evidence is incomplete.,URL Inspection when access returns or next finalized GSC + business-role review
https://hermeslogisticsus.com/services/hermes-connect/ai-command-center/,sitemap-digital-services.xml,core_money,technology,commercial/service owner,2026-08-14,PRE_WINDOW_VERSION,51f5544a754d79ca0b2af897c608ad85016a2fca,SITEMAP_PRESENT_ON_CURRENT_MAIN,NOT_LIVE_READBACK_THIS_BATCH,NOT_OBSERVED_IN_RETURNED_ROWS,,,,,COMMERCIAL_INTENT_REVIEW,UNKNOWN_NO_URL_INSPECTION,ACCESS_GAP_NO_CONNECTED_GA4,UNOBSERVED_GOVERNED_LEDGER,PENDING_EVIDENCE,No page row in returned GSC top set; absence here is not zero impressions or proof of non-indexation.,URL Inspection when access returns or next finalized GSC + business-role review
https://hermeslogisticsus.com/services/hermes-connect/business-automation/,sitemap-digital-services.xml,core_money,technology,commercial/service owner,2026-08-14,PRE_WINDOW_VERSION,51f5544a754d79ca0b2af897c608ad85016a2fca,SITEMAP_PRESENT_ON_CURRENT_MAIN,NOT_LIVE_READBACK_THIS_BATCH,NOT_OBSERVED_IN_RETURNED_ROWS,,,,,COMMERCIAL_INTENT_REVIEW,UNKNOWN_NO_URL_INSPECTION,ACCESS_GAP_NO_CONNECTED_GA4,UNOBSERVED_GOVERNED_LEDGER,PENDING_EVIDENCE,No page row in returned GSC top set; absence here is not zero impressions or proof of non-indexation.,URL Inspection when access returns or next finalized GSC + business-role review
https://hermeslogisticsus.com/services/hermes-connect/load-analyzer/,sitemap-digital-services.xml,core_money,technology,commercial/service owner,2026-08-14,PRE_WINDOW_VERSION,51f5544a754d79ca0b2af897c608ad85016a2fca,SITEMAP_PRESENT_ON_CURRENT_MAIN,NOT_LIVE_READBACK_THIS_BATCH,NOT_OBSERVED_IN_RETURNED_ROWS,,,,,COMMERCIAL_INTENT_REVIEW,UNKNOWN_NO_URL_INSPECTION,ACCESS_GAP_NO_CONNECTED_GA4,UNOBSERVED_GOVERNED_LEDGER,PENDING_EVIDENCE,No page row in returned GSC top set; absence here is not zero impressions or proof of non-indexation.,URL Inspection when access returns or next finalized GSC + business-role review
https://hermeslogisticsus.com/services/hermes-connect/proposal-builder/,sitemap-digital-services.xml,core_money,technology,commercial/service owner,2026-08-14,PRE_WINDOW_VERSION,51f5544a754d79ca0b2af897c608ad85016a2fca,SITEMAP_PRESENT_ON_CURRENT_MAIN,NOT_LIVE_READBACK_THIS_BATCH,NOT_OBSERVED_IN_RETURNED_ROWS,,,,,COMMERCIAL_INTENT_REVIEW,UNKNOWN_NO_URL_INSPECTION,ACCESS_GAP_NO_CONNECTED_GA4,UNOBSERVED_GOVERNED_LEDGER,PENDING_EVIDENCE,No page row in returned GSC top set; absence here is not zero impressions or proof of non-indexation.,URL Inspection when access returns or next finalized GSC + business-role review
https://hermeslogisticsus.com/services/hermes-connect/rate-negotiator/,sitemap-digital-services.xml,core_money,technology,commercial/service owner,2026-08-14,PRE_WINDOW_VERSION,51f5544a754d79ca0b2af897c608ad85016a2fca,SITEMAP_PRESENT_ON_CURRENT_MAIN,NOT_LIVE_READBACK_THIS_BATCH,NOT_OBSERVED_IN_RETURNED_ROWS,,,,,COMMERCIAL_INTENT_REVIEW,UNKNOWN_NO_URL_INSPECTION,ACCESS_GAP_NO_CONNECTED_GA4,UNOBSERVED_GOVERNED_LEDGER,PENDING_EVIDENCE,No page row in returned GSC top set; absence here is not zero impressions or proof of non-indexation.,URL Inspection when access returns or next finalized GSC + business-role review
https://hermeslogisticsus.com/services/hermes-connect/repair-shops/,sitemap-digital-services.xml,core_money,technology,commercial/service owner,2026-09-12,RECENT_14D_AT_GSC_END,51f5544a754d79ca0b2af897c608ad85016a2fca,SITEMAP_PRESENT_ON_CURRENT_MAIN,NOT_LIVE_READBACK_THIS_BATCH,NOT_OBSERVED_IN_RETURNED_ROWS,,,,,COMMERCIAL_INTENT_REVIEW,UNKNOWN_NO_URL_INSPECTION,ACCESS_GAP_NO_CONNECTED_GA4,UNOBSERVED_GOVERNED_LEDGER,PENDING_EVIDENCE,No page row in returned GSC top set; absence here is not zero impressions or proof of non-indexation.,URL Inspection when access returns or next finalized GSC + business-role review
https://hermeslogisticsus.com/services/hermes-connect/repair-shops/plan/,sitemap-digital-services.xml,core_money,technology,commercial/service owner,2026-08-16,PRE_WINDOW_VERSION,51f5544a754d79ca0b2af897c608ad85016a2fca,SITEMAP_PRESENT_ON_CURRENT_MAIN,NOT_LIVE_READBACK_THIS_BATCH,NOT_OBSERVED_IN_RETURNED_ROWS,,,,,COMMERCIAL_INTENT_REVIEW,UNKNOWN_NO_URL_INSPECTION,ACCESS_GAP_NO_CONNECTED_GA4,UNOBSERVED_GOVERNED_LEDGER,PENDING_EVIDENCE,No page row in returned GSC top set; absence here is not zero impressions or proof of non-indexation.,URL Inspection when access returns or next finalized GSC + business-role review
https://hermeslogisticsus.com/services/hermes-connect/roi-calculator/,sitemap-digital-services.xml,core_money,technology,commercial/service owner,2026-08-14,PRE_WINDOW_VERSION,51f5544a754d79ca0b2af897c608ad85016a2fca,SITEMAP_PRESENT_ON_CURRENT_MAIN,NOT_LIVE_READBACK_THIS_BATCH,NOT_OBSERVED_IN_RETURNED_ROWS,,,,,COMMERCIAL_INTENT_REVIEW,UNKNOWN_NO_URL_INSPECTION,ACCESS_GAP_NO_CONNECTED_GA4,UNOBSERVED_GOVERNED_LEDGER,PENDING_EVIDENCE,No page row in returned GSC top set; absence here is not zero impressions or proof of non-indexation.,URL Inspection when access returns or next finalized GSC + business-role review
https://hermeslogisticsus.com/services/hermes-connect/unified-inbox/,sitemap-digital-services.xml,core_money,technology,commercial/service owner,2026-08-14,PRE_WINDOW_VERSION,51f5544a754d79ca0b2af897c608ad85016a2fca,SITEMAP_PRESENT_ON_CURRENT_MAIN,NOT_LIVE_READBACK_THIS_BATCH,NOT_OBSERVED_IN_RETURNED_ROWS,,,,,COMMERCIAL_INTENT_REVIEW,UNKNOWN_NO_URL_INSPECTION,ACCESS_GAP_NO_CONNECTED_GA4,UNOBSERVED_GOVERNED_LEDGER,PENDING_EVIDENCE,No page row in returned GSC top set; absence here is not zero impressions or proof of non-indexation.,URL Inspection when access returns or next finalized GSC + business-role review
https://hermeslogisticsus.com/services/local-seo/,sitemap-digital-services.xml,core_money,marketing,commercial/service owner,2026-07-31,PRE_WINDOW_VERSION,51f5544a754d79ca0b2af897c608ad85016a2fca,SITEMAP_PRESENT_ON_CURRENT_MAIN,NOT_LIVE_READBACK_THIS_BATCH,NOT_OBSERVED_IN_RETURNED_ROWS,,,,,COMMERCIAL_INTENT_REVIEW,UNKNOWN_NO_URL_INSPECTION,ACCESS_GAP_NO_CONNECTED_GA4,UNOBSERVED_GOVERNED_LEDGER,PENDING_EVIDENCE,No page row in returned GSC top set; absence here is not zero impressions or proof of non-indexation.,URL Inspection when access returns or next finalized GSC + business-role review
https://hermeslogisticsus.com/services/seo-for-auto-repair-shops/,sitemap-digital-services.xml,core_money,marketing,commercial/service owner,2026-09-13,RECENT_14D_AT_GSC_END,51f5544a754d79ca0b2af897c608ad85016a2fca,SITEMAP_PRESENT_ON_CURRENT_MAIN,NOT_LIVE_READBACK_THIS_BATCH,NOT_OBSERVED_IN_RETURNED_ROWS,,,,,COMMERCIAL_INTENT_REVIEW,UNKNOWN_NO_URL_INSPECTION,ACCESS_GAP_NO_CONNECTED_GA4,UNOBSERVED_GOVERNED_LEDGER,PENDING_EVIDENCE,No page row in returned GSC top set; absence here is not zero impressions or proof of non-indexation.,URL Inspection when access returns or next finalized GSC + business-role review
https://hermeslogisticsus.com/services/seo-for-independent-auto-dealers/,sitemap-digital-services.xml,core_money,marketing,commercial/service owner,2026-07-31,PRE_WINDOW_VERSION,51f5544a754d79ca0b2af897c608ad85016a2fca,SITEMAP_PRESENT_ON_CURRENT_MAIN,NOT_LIVE_READBACK_THIS_BATCH,NOT_OBSERVED_IN_RETURNED_ROWS,,,,,COMMERCIAL_INTENT_REVIEW,UNKNOWN_NO_URL_INSPECTION,ACCESS_GAP_NO_CONNECTED_GA4,UNOBSERVED_GOVERNED_LEDGER,PENDING_EVIDENCE,No page row in returned GSC top set; absence here is not zero impressions or proof of non-indexation.,URL Inspection when access returns or next finalized GSC + business-role review
https://hermeslogisticsus.com/services/seo-for-logistics-companies/,sitemap-digital-services.xml,core_money,marketing,commercial/service owner,2026-08-13,PRE_WINDOW_VERSION,51f5544a754d79ca0b2af897c608ad85016a2fca,SITEMAP_PRESENT_ON_CURRENT_MAIN,LIVE_200_FORCED_FETCH_2026-09-26,QUERY_PAGE_ROWS_PARTIAL,57,0,48.3859649122807,25,ESTABLISHED_CANONICAL_OWNER,UNKNOWN_NO_URL_INSPECTION,ACCESS_GAP_NO_CONNECTED_GA4,UNOBSERVED_GOVERNED_LEDGER,KEEP,Current canonical owner / entity role preserved; change only from specific evidence.,URL Inspection when access returns or next finalized GSC + business-role review
https://hermeslogisticsus.com/services/seo/,sitemap-digital-services.xml,core_money,marketing,commercial/service owner,2026-07-31,PRE_WINDOW_VERSION,51f5544a754d79ca0b2af897c608ad85016a2fca,SITEMAP_PRESENT_ON_CURRENT_MAIN,NOT_LIVE_READBACK_THIS_BATCH,QUERY_PAGE_ROWS_PARTIAL,10,0,74,6,COMMERCIAL_INTENT_REVIEW,UNKNOWN_NO_URL_INSPECTION,ACCESS_GAP_NO_CONNECTED_GA4,UNOBSERVED_GOVERNED_LEDGER,PENDING_EVIDENCE,Only partial returned query×page evidence exists; full page/index/outcome evidence is incomplete.,URL Inspection when access returns or next finalized GSC + business-role review
https://hermeslogisticsus.com/services/website-development/,sitemap-digital-services.xml,core_money,technology,commercial/service owner,2026-07-31,PRE_WINDOW_VERSION,51f5544a754d79ca0b2af897c608ad85016a2fca,SITEMAP_PRESENT_ON_CURRENT_MAIN,NOT_LIVE_READBACK_THIS_BATCH,NOT_OBSERVED_IN_RETURNED_ROWS,,,,,COMMERCIAL_INTENT_REVIEW,UNKNOWN_NO_URL_INSPECTION,ACCESS_GAP_NO_CONNECTED_GA4,UNOBSERVED_GOVERNED_LEDGER,PENDING_EVIDENCE,No page row in returned GSC top set; absence here is not zero impressions or proof of non-indexation.,URL Inspection when access returns or next finalized GSC + business-role review
https://hermeslogisticsus.com/services/website-redesign/,sitemap-digital-services.xml,core_money,cross,commercial/service owner,2026-07-31,PRE_WINDOW_VERSION,51f5544a754d79ca0b2af897c608ad85016a2fca,SITEMAP_PRESENT_ON_CURRENT_MAIN,NOT_LIVE_READBACK_THIS_BATCH,NOT_OBSERVED_IN_RETURNED_ROWS,,,,,COMMERCIAL_INTENT_REVIEW,UNKNOWN_NO_URL_INSPECTION,ACCESS_GAP_NO_CONNECTED_GA4,UNOBSERVED_GOVERNED_LEDGER,PENDING_EVIDENCE,No page row in returned GSC top set; absence here is not zero impressions or proof of non-indexation.,URL Inspection when access returns or next finalized GSC + business-role review
https://hermeslogisticsus.com/insights/,sitemap-insights.xml,supporting_authority,cross,authority/evidence,2026-09-22,RECENT_14D_AT_GSC_END,51f5544a754d79ca0b2af897c608ad85016a2fca,SITEMAP_PRESENT_ON_CURRENT_MAIN,NOT_LIVE_READBACK_THIS_BATCH,PAGE_ROW_OBSERVED,2,0,8,,SUPPORTING_ROLE_REVIEW,UNKNOWN_NO_URL_INSPECTION,ACCESS_GAP_NO_CONNECTED_GA4,UNOBSERVED_GOVERNED_LEDGER,PENDING_EVIDENCE,Authenticated page row exists but sample is small or role-specific; no destructive decision.,Entity/authority/usefulness evidence + next finalized search window
https://hermeslogisticsus.com/insights/logistics/diesel-price-route-planning-september-2026/,sitemap-insights.xml,supporting_authority,logistics,authority/evidence,2026-09-22,RECENT_14D_AT_GSC_END,51f5544a754d79ca0b2af897c608ad85016a2fca,SITEMAP_PRESENT_ON_CURRENT_MAIN,NOT_LIVE_READBACK_THIS_BATCH,NOT_OBSERVED_IN_RETURNED_ROWS,,,,,SUPPORTING_ROLE_REVIEW,UNKNOWN_NO_URL_INSPECTION,ACCESS_GAP_NO_CONNECTED_GA4,UNOBSERVED_GOVERNED_LEDGER,PENDING_EVIDENCE,No page row in returned GSC top set; absence here is not zero impressions or proof of non-indexation.,Entity/authority/usefulness evidence + next finalized search window
https://hermeslogisticsus.com/insights/logistics/dry-van-spot-rates-september-2026/,sitemap-insights.xml,supporting_authority,logistics,authority/evidence,2026-09-22,RECENT_14D_AT_GSC_END,51f5544a754d79ca0b2af897c608ad85016a2fca,SITEMAP_PRESENT_ON_CURRENT_MAIN,NOT_LIVE_READBACK_THIS_BATCH,NOT_OBSERVED_IN_RETURNED_ROWS,,,,,SUPPORTING_ROLE_REVIEW,UNKNOWN_NO_URL_INSPECTION,ACCESS_GAP_NO_CONNECTED_GA4,UNOBSERVED_GOVERNED_LEDGER,PENDING_EVIDENCE,No page row in returned GSC top set; absence here is not zero impressions or proof of non-indexation.,Entity/authority/usefulness evidence + next finalized search window
https://hermeslogisticsus.com/insights/logistics/fmcsa-fuel-hours-of-service-waiver-september-2026/,sitemap-insights.xml,supporting_authority,logistics,authority/evidence,2026-09-21,RECENT_14D_AT_GSC_END,51f5544a754d79ca0b2af897c608ad85016a2fca,SITEMAP_PRESENT_ON_CURRENT_MAIN,NOT_LIVE_READBACK_THIS_BATCH,NOT_OBSERVED_IN_RETURNED_ROWS,,,,,SUPPORTING_ROLE_REVIEW,UNKNOWN_NO_URL_INSPECTION,ACCESS_GAP_NO_CONNECTED_GA4,UNOBSERVED_GOVERNED_LEDGER,PENDING_EVIDENCE,No page row in returned GSC top set; absence here is not zero impressions or proof of non-indexation.,Entity/authority/usefulness evidence + next finalized search window
https://hermeslogisticsus.com/insights/marketing/cloudflare-disallow-ai-training-search-visibility-september-2026/,sitemap-insights.xml,supporting_authority,marketing,authority/evidence,2026-09-22,RECENT_14D_AT_GSC_END,51f5544a754d79ca0b2af897c608ad85016a2fca,SITEMAP_PRESENT_ON_CURRENT_MAIN,NOT_LIVE_READBACK_THIS_BATCH,NOT_OBSERVED_IN_RETURNED_ROWS,,,,,SUPPORTING_ROLE_REVIEW,UNKNOWN_NO_URL_INSPECTION,ACCESS_GAP_NO_CONNECTED_GA4,UNOBSERVED_GOVERNED_LEDGER,PENDING_EVIDENCE,No page row in returned GSC top set; absence here is not zero impressions or proof of non-indexation.,Entity/authority/usefulness evidence + next finalized search window
https://hermeslogisticsus.com/insights/marketing/meta-one-business-creator-tools-september-2026/,sitemap-insights.xml,supporting_authority,marketing,authority/evidence,2026-09-21,RECENT_14D_AT_GSC_END,51f5544a754d79ca0b2af897c608ad85016a2fca,SITEMAP_PRESENT_ON_CURRENT_MAIN,NOT_LIVE_READBACK_THIS_BATCH,NOT_OBSERVED_IN_RETURNED_ROWS,,,,,SUPPORTING_ROLE_REVIEW,UNKNOWN_NO_URL_INSPECTION,ACCESS_GAP_NO_CONNECTED_GA4,UNOBSERVED_GOVERNED_LEDGER,PENDING_EVIDENCE,No page row in returned GSC top set; absence here is not zero impressions or proof of non-indexation.,Entity/authority/usefulness evidence + next finalized search window
https://hermeslogisticsus.com/logistics/eau-claire-wi-vehicle-transport/,sitemap-local.xml,geo,logistics,geographic owner,2026-07-31,PRE_WINDOW_VERSION,51f5544a754d79ca0b2af897c608ad85016a2fca,SITEMAP_PRESENT_ON_CURRENT_MAIN,NOT_LIVE_READBACK_THIS_BATCH,NOT_OBSERVED_IN_RETURNED_ROWS,,,,,DISTINCT_LOCAL_UTILITY_REVIEW,UNKNOWN_NO_URL_INSPECTION,ACCESS_GAP_NO_CONNECTED_GA4,UNOBSERVED_GOVERNED_LEDGER,PENDING_EVIDENCE,No page row in returned GSC top set; absence here is not zero impressions or proof of non-indexation.,URL Inspection when access returns or next finalized GSC + business-role review
https://hermeslogisticsus.com/logistics/fond-du-lac-wi-vehicle-transport/,sitemap-local.xml,geo,logistics,geographic owner,2026-07-31,PRE_WINDOW_VERSION,51f5544a754d79ca0b2af897c608ad85016a2fca,SITEMAP_PRESENT_ON_CURRENT_MAIN,NOT_LIVE_READBACK_THIS_BATCH,NOT_OBSERVED_IN_RETURNED_ROWS,,,,,DISTINCT_LOCAL_UTILITY_REVIEW,UNKNOWN_NO_URL_INSPECTION,ACCESS_GAP_NO_CONNECTED_GA4,UNOBSERVED_GOVERNED_LEDGER,PENDING_EVIDENCE,No page row in returned GSC top set; absence here is not zero impressions or proof of non-indexation.,URL Inspection when access returns or next finalized GSC + business-role review
https://hermeslogisticsus.com/logistics/green-bay-wi-vehicle-transport/,sitemap-local.xml,geo,logistics,geographic owner,2026-07-31,PRE_WINDOW_VERSION,51f5544a754d79ca0b2af897c608ad85016a2fca,SITEMAP_PRESENT_ON_CURRENT_MAIN,NOT_LIVE_READBACK_THIS_BATCH,NOT_OBSERVED_IN_RETURNED_ROWS,,,,,DISTINCT_LOCAL_UTILITY_REVIEW,UNKNOWN_NO_URL_INSPECTION,ACCESS_GAP_NO_CONNECTED_GA4,UNOBSERVED_GOVERNED_LEDGER,PENDING_EVIDENCE,No page row in returned GSC top set; absence here is not zero impressions or proof of non-indexation.,URL Inspection when access returns or next finalized GSC + business-role review
https://hermeslogisticsus.com/logistics/kenosha-wi-vehicle-transport/,sitemap-local.xml,geo,logistics,geographic owner,2026-07-31,PRE_WINDOW_VERSION,51f5544a754d79ca0b2af897c608ad85016a2fca,SITEMAP_PRESENT_ON_CURRENT_MAIN,NOT_LIVE_READBACK_THIS_BATCH,NOT_OBSERVED_IN_RETURNED_ROWS,,,,,DISTINCT_LOCAL_UTILITY_REVIEW,UNKNOWN_NO_URL_INSPECTION,ACCESS_GAP_NO_CONNECTED_GA4,UNOBSERVED_GOVERNED_LEDGER,PENDING_EVIDENCE,No page row in returned GSC top set; absence here is not zero impressions or proof of non-indexation.,URL Inspection when access returns or next finalized GSC + business-role review
https://hermeslogisticsus.com/logistics/la-crosse-wi-vehicle-transport/,sitemap-local.xml,geo,logistics,geographic owner,2026-07-31,PRE_WINDOW_VERSION,51f5544a754d79ca0b2af897c608ad85016a2fca,SITEMAP_PRESENT_ON_CURRENT_MAIN,NOT_LIVE_READBACK_THIS_BATCH,NOT_OBSERVED_IN_RETURNED_ROWS,,,,,DISTINCT_LOCAL_UTILITY_REVIEW,UNKNOWN_NO_URL_INSPECTION,ACCESS_GAP_NO_CONNECTED_GA4,UNOBSERVED_GOVERNED_LEDGER,PENDING_EVIDENCE,No page row in returned GSC top set; absence here is not zero impressions or proof of non-indexation.,URL Inspection when access returns or next finalized GSC + business-role review
https://hermeslogisticsus.com/logistics/madison-wi-vehicle-transport/,sitemap-local.xml,geo,logistics,geographic owner,2026-07-31,PRE_WINDOW_VERSION,51f5544a754d79ca0b2af897c608ad85016a2fca,SITEMAP_PRESENT_ON_CURRENT_MAIN,NOT_LIVE_READBACK_THIS_BATCH,NOT_OBSERVED_IN_RETURNED_ROWS,,,,,DISTINCT_LOCAL_UTILITY_REVIEW,UNKNOWN_NO_URL_INSPECTION,ACCESS_GAP_NO_CONNECTED_GA4,UNOBSERVED_GOVERNED_LEDGER,PENDING_EVIDENCE,No page row in returned GSC top set; absence here is not zero impressions or proof of non-indexation.,URL Inspection when access returns or next finalized GSC + business-role review
https://hermeslogisticsus.com/logistics/milwaukee-wi-vehicle-transport/,sitemap-local.xml,geo,logistics,geographic owner,2026-07-31,PRE_WINDOW_VERSION,51f5544a754d79ca0b2af897c608ad85016a2fca,SITEMAP_PRESENT_ON_CURRENT_MAIN,NOT_LIVE_READBACK_THIS_BATCH,NOT_OBSERVED_IN_RETURNED_ROWS,,,,,DISTINCT_LOCAL_UTILITY_REVIEW,UNKNOWN_NO_URL_INSPECTION,ACCESS_GAP_NO_CONNECTED_GA4,UNOBSERVED_GOVERNED_LEDGER,PENDING_EVIDENCE,No page row in returned GSC top set; absence here is not zero impressions or proof of non-indexation.,URL Inspection when access returns or next finalized GSC + business-role review
https://hermeslogisticsus.com/logistics/oshkosh-wi-vehicle-transport/,sitemap-local.xml,geo,logistics,geographic owner,2026-07-31,PRE_WINDOW_VERSION,51f5544a754d79ca0b2af897c608ad85016a2fca,SITEMAP_PRESENT_ON_CURRENT_MAIN,NOT_LIVE_READBACK_THIS_BATCH,NOT_OBSERVED_IN_RETURNED_ROWS,,,,,DISTINCT_LOCAL_UTILITY_REVIEW,UNKNOWN_NO_URL_INSPECTION,ACCESS_GAP_NO_CONNECTED_GA4,UNOBSERVED_GOVERNED_LEDGER,PENDING_EVIDENCE,No page row in returned GSC top set; absence here is not zero impressions or proof of non-indexation.,URL Inspection when access returns or next finalized GSC + business-role review
https://hermeslogisticsus.com/logistics/racine-wi-vehicle-transport/,sitemap-local.xml,geo,logistics,geographic owner,2026-07-31,PRE_WINDOW_VERSION,51f5544a754d79ca0b2af897c608ad85016a2fca,SITEMAP_PRESENT_ON_CURRENT_MAIN,NOT_LIVE_READBACK_THIS_BATCH,NOT_OBSERVED_IN_RETURNED_ROWS,,,,,DISTINCT_LOCAL_UTILITY_REVIEW,UNKNOWN_NO_URL_INSPECTION,ACCESS_GAP_NO_CONNECTED_GA4,UNOBSERVED_GOVERNED_LEDGER,PENDING_EVIDENCE,No page row in returned GSC top set; absence here is not zero impressions or proof of non-indexation.,URL Inspection when access returns or next finalized GSC + business-role review
https://hermeslogisticsus.com/logistics/sheboygan-wi-vehicle-transport/,sitemap-local.xml,geo,logistics,geographic owner,2026-07-31,PRE_WINDOW_VERSION,51f5544a754d79ca0b2af897c608ad85016a2fca,SITEMAP_PRESENT_ON_CURRENT_MAIN,NOT_LIVE_READBACK_THIS_BATCH,NOT_OBSERVED_IN_RETURNED_ROWS,,,,,DISTINCT_LOCAL_UTILITY_REVIEW,UNKNOWN_NO_URL_INSPECTION,ACCESS_GAP_NO_CONNECTED_GA4,UNOBSERVED_GOVERNED_LEDGER,PENDING_EVIDENCE,No page row in returned GSC top set; absence here is not zero impressions or proof of non-indexation.,URL Inspection when access returns or next finalized GSC + business-role review
https://hermeslogisticsus.com/logistics/waukesha-wi-vehicle-transport/,sitemap-local.xml,geo,logistics,geographic owner,2026-07-31,PRE_WINDOW_VERSION,51f5544a754d79ca0b2af897c608ad85016a2fca,SITEMAP_PRESENT_ON_CURRENT_MAIN,NOT_LIVE_READBACK_THIS_BATCH,NOT_OBSERVED_IN_RETURNED_ROWS,,,,,DISTINCT_LOCAL_UTILITY_REVIEW,UNKNOWN_NO_URL_INSPECTION,ACCESS_GAP_NO_CONNECTED_GA4,UNOBSERVED_GOVERNED_LEDGER,PENDING_EVIDENCE,No page row in returned GSC top set; absence here is not zero impressions or proof of non-indexation.,URL Inspection when access returns or next finalized GSC + business-role review
https://hermeslogisticsus.com/logistics/wisconsin-auction-vehicle-pickup/,sitemap-local.xml,geo,logistics,geographic owner,2026-07-31,PRE_WINDOW_VERSION,51f5544a754d79ca0b2af897c608ad85016a2fca,SITEMAP_PRESENT_ON_CURRENT_MAIN,NOT_LIVE_READBACK_THIS_BATCH,NOT_OBSERVED_IN_RETURNED_ROWS,,,,,DISTINCT_LOCAL_UTILITY_REVIEW,UNKNOWN_NO_URL_INSPECTION,ACCESS_GAP_NO_CONNECTED_GA4,UNOBSERVED_GOVERNED_LEDGER,PENDING_EVIDENCE,No page row in returned GSC top set; absence here is not zero impressions or proof of non-indexation.,URL Inspection when access returns or next finalized GSC + business-role review
https://hermeslogisticsus.com/logistics/wisconsin-dealer-vehicle-transport/,sitemap-local.xml,geo,logistics,geographic owner,2026-07-31,PRE_WINDOW_VERSION,51f5544a754d79ca0b2af897c608ad85016a2fca,SITEMAP_PRESENT_ON_CURRENT_MAIN,NOT_LIVE_READBACK_THIS_BATCH,NOT_OBSERVED_IN_RETURNED_ROWS,,,,,DISTINCT_LOCAL_UTILITY_REVIEW,UNKNOWN_NO_URL_INSPECTION,ACCESS_GAP_NO_CONNECTED_GA4,UNOBSERVED_GOVERNED_LEDGER,PENDING_EVIDENCE,No page row in returned GSC top set; absence here is not zero impressions or proof of non-indexation.,URL Inspection when access returns or next finalized GSC + business-role review
https://hermeslogisticsus.com/logistics/wisconsin-enclosed-vehicle-transport/,sitemap-local.xml,geo,logistics,geographic owner,2026-07-31,PRE_WINDOW_VERSION,51f5544a754d79ca0b2af897c608ad85016a2fca,SITEMAP_PRESENT_ON_CURRENT_MAIN,NOT_LIVE_READBACK_THIS_BATCH,NOT_OBSERVED_IN_RETURNED_ROWS,,,,,DISTINCT_LOCAL_UTILITY_REVIEW,UNKNOWN_NO_URL_INSPECTION,ACCESS_GAP_NO_CONNECTED_GA4,UNOBSERVED_GOVERNED_LEDGER,PENDING_EVIDENCE,No page row in returned GSC top set; absence here is not zero impressions or proof of non-indexation.,URL Inspection when access returns or next finalized GSC + business-role review
https://hermeslogisticsus.com/logistics/wisconsin-multi-vehicle-dealer-transport/,sitemap-local.xml,geo,logistics,geographic owner,2026-07-31,PRE_WINDOW_VERSION,51f5544a754d79ca0b2af897c608ad85016a2fca,SITEMAP_PRESENT_ON_CURRENT_MAIN,NOT_LIVE_READBACK_THIS_BATCH,NOT_OBSERVED_IN_RETURNED_ROWS,,,,,DISTINCT_LOCAL_UTILITY_REVIEW,UNKNOWN_NO_URL_INSPECTION,ACCESS_GAP_NO_CONNECTED_GA4,UNOBSERVED_GOVERNED_LEDGER,PENDING_EVIDENCE,No page row in returned GSC top set; absence here is not zero impressions or proof of non-indexation.,URL Inspection when access returns or next finalized GSC + business-role review
https://hermeslogisticsus.com/logistics/wisconsin-vehicle-transport/,sitemap-local.xml,geo,logistics,geographic owner,2026-07-31,PRE_WINDOW_VERSION,51f5544a754d79ca0b2af897c608ad85016a2fca,SITEMAP_PRESENT_ON_CURRENT_MAIN,NOT_LIVE_READBACK_THIS_BATCH,PAGE_ROW_OBSERVED,2,1,28.5,1,DISTINCT_LOCAL_UTILITY_REVIEW,UNKNOWN_NO_URL_INSPECTION,ACCESS_GAP_NO_CONNECTED_GA4,UNOBSERVED_GOVERNED_LEDGER,KEEP,Authenticated page row has current clicks; preserve owner and measure downstream value.,URL Inspection when access returns or next finalized GSC + business-role review
https://hermeslogisticsus.com/gb/london/,sitemap-london.xml,geo,cross,geographic owner,,LASTMOD_UNKNOWN,51f5544a754d79ca0b2af897c608ad85016a2fca,SITEMAP_PRESENT_ON_CURRENT_MAIN,NOT_LIVE_READBACK_THIS_BATCH,PAGE_ROW_OBSERVED,1,0,1,,DISTINCT_LOCAL_UTILITY_REVIEW,UNKNOWN_NO_URL_INSPECTION,ACCESS_GAP_NO_CONNECTED_GA4,UNOBSERVED_GOVERNED_LEDGER,PENDING_EVIDENCE,Authenticated page row exists but sample is small or role-specific; no destructive decision.,URL Inspection when access returns or next finalized GSC + business-role review
https://hermeslogisticsus.com/gb/london/academy/,sitemap-london.xml,geo,academy,geographic owner,,LASTMOD_UNKNOWN,51f5544a754d79ca0b2af897c608ad85016a2fca,SITEMAP_PRESENT_ON_CURRENT_MAIN,NOT_LIVE_READBACK_THIS_BATCH,PAGE_ROW_OBSERVED,1,0,4,,DISTINCT_LOCAL_UTILITY_REVIEW,UNKNOWN_NO_URL_INSPECTION,ACCESS_GAP_NO_CONNECTED_GA4,UNOBSERVED_GOVERNED_LEDGER,PENDING_EVIDENCE,Authenticated page row exists but sample is small or role-specific; no destructive decision.,URL Inspection when access returns or next finalized GSC + business-role review
https://hermeslogisticsus.com/gb/london/academy/apply/,sitemap-london.xml,geo,academy,geographic owner,,LASTMOD_UNKNOWN,51f5544a754d79ca0b2af897c608ad85016a2fca,SITEMAP_PRESENT_ON_CURRENT_MAIN,NOT_LIVE_READBACK_THIS_BATCH,NOT_OBSERVED_IN_RETURNED_ROWS,,,,,DISTINCT_LOCAL_UTILITY_REVIEW,UNKNOWN_NO_URL_INSPECTION,ACCESS_GAP_NO_CONNECTED_GA4,UNOBSERVED_GOVERNED_LEDGER,PENDING_EVIDENCE,No page row in returned GSC top set; absence here is not zero impressions or proof of non-indexation.,URL Inspection when access returns or next finalized GSC + business-role review
https://hermeslogisticsus.com/gb/london/academy/carrier-sales-training/,sitemap-london.xml,geo,academy,geographic owner,,LASTMOD_UNKNOWN,51f5544a754d79ca0b2af897c608ad85016a2fca,SITEMAP_PRESENT_ON_CURRENT_MAIN,NOT_LIVE_READBACK_THIS_BATCH,NOT_OBSERVED_IN_RETURNED_ROWS,,,,,DISTINCT_LOCAL_UTILITY_REVIEW,UNKNOWN_NO_URL_INSPECTION,ACCESS_GAP_NO_CONNECTED_GA4,UNOBSERVED_GOVERNED_LEDGER,PENDING_EVIDENCE,No page row in returned GSC top set; absence here is not zero impressions or proof of non-indexation.,URL Inspection when access returns or next finalized GSC + business-role review
https://hermeslogisticsus.com/gb/london/academy/english-readiness/,sitemap-london.xml,geo,academy,geographic owner,,LASTMOD_UNKNOWN,51f5544a754d79ca0b2af897c608ad85016a2fca,SITEMAP_PRESENT_ON_CURRENT_MAIN,NOT_LIVE_READBACK_THIS_BATCH,NOT_OBSERVED_IN_RETURNED_ROWS,,,,,DISTINCT_LOCAL_UTILITY_REVIEW,UNKNOWN_NO_URL_INSPECTION,ACCESS_GAP_NO_CONNECTED_GA4,UNOBSERVED_GOVERNED_LEDGER,PENDING_EVIDENCE,No page row in returned GSC top set; absence here is not zero impressions or proof of non-indexation.,URL Inspection when access returns or next finalized GSC + business-role review
https://hermeslogisticsus.com/gb/london/academy/faq/,sitemap-london.xml,geo,academy,geographic owner,,LASTMOD_UNKNOWN,51f5544a754d79ca0b2af897c608ad85016a2fca,SITEMAP_PRESENT_ON_CURRENT_MAIN,NOT_LIVE_READBACK_THIS_BATCH,PAGE_ROW_OBSERVED,1,0,3,,DISTINCT_LOCAL_UTILITY_REVIEW,UNKNOWN_NO_URL_INSPECTION,ACCESS_GAP_NO_CONNECTED_GA4,UNOBSERVED_GOVERNED_LEDGER,PENDING_EVIDENCE,Authenticated page row exists but sample is small or role-specific; no destructive decision.,URL Inspection when access returns or next finalized GSC + business-role review
https://hermeslogisticsus.com/gb/london/academy/freight-dispatcher-training/,sitemap-london.xml,geo,academy,geographic owner,,LASTMOD_UNKNOWN,51f5544a754d79ca0b2af897c608ad85016a2fca,SITEMAP_PRESENT_ON_CURRENT_MAIN,NOT_LIVE_READBACK_THIS_BATCH,NOT_OBSERVED_IN_RETURNED_ROWS,,,,,DISTINCT_LOCAL_UTILITY_REVIEW,UNKNOWN_NO_URL_INSPECTION,ACCESS_GAP_NO_CONNECTED_GA4,UNOBSERVED_GOVERNED_LEDGER,PENDING_EVIDENCE,No page row in returned GSC top set; absence here is not zero impressions or proof of non-indexation.,URL Inspection when access returns or next finalized GSC + business-role review
https://hermeslogisticsus.com/gb/london/academy/how-training-works/,sitemap-london.xml,geo,academy,geographic owner,,LASTMOD_UNKNOWN,51f5544a754d79ca0b2af897c608ad85016a2fca,SITEMAP_PRESENT_ON_CURRENT_MAIN,NOT_LIVE_READBACK_THIS_BATCH,NOT_OBSERVED_IN_RETURNED_ROWS,,,,,DISTINCT_LOCAL_UTILITY_REVIEW,UNKNOWN_NO_URL_INSPECTION,ACCESS_GAP_NO_CONNECTED_GA4,UNOBSERVED_GOVERNED_LEDGER,PENDING_EVIDENCE,No page row in returned GSC top set; absence here is not zero impressions or proof of non-indexation.,URL Inspection when access returns or next finalized GSC + business-role review
https://hermeslogisticsus.com/gb/london/academy/load-planner-training/,sitemap-london.xml,geo,academy,geographic owner,,LASTMOD_UNKNOWN,51f5544a754d79ca0b2af897c608ad85016a2fca,SITEMAP_PRESENT_ON_CURRENT_MAIN,NOT_LIVE_READBACK_THIS_BATCH,NOT_OBSERVED_IN_RETURNED_ROWS,,,,,DISTINCT_LOCAL_UTILITY_REVIEW,UNKNOWN_NO_URL_INSPECTION,ACCESS_GAP_NO_CONNECTED_GA4,UNOBSERVED_GOVERNED_LEDGER,PENDING_EVIDENCE,No page row in returned GSC top set; absence here is not zero impressions or proof of non-indexation.,URL Inspection when access returns or next finalized GSC + business-role review
https://hermeslogisticsus.com/gb/london/academy/shipper-dealer-sales-training/,sitemap-london.xml,geo,academy,geographic owner,,LASTMOD_UNKNOWN,51f5544a754d79ca0b2af897c608ad85016a2fca,SITEMAP_PRESENT_ON_CURRENT_MAIN,NOT_LIVE_READBACK_THIS_BATCH,NOT_OBSERVED_IN_RETURNED_ROWS,,,,,DISTINCT_LOCAL_UTILITY_REVIEW,UNKNOWN_NO_URL_INSPECTION,ACCESS_GAP_NO_CONNECTED_GA4,UNOBSERVED_GOVERNED_LEDGER,PENDING_EVIDENCE,No page row in returned GSC top set; absence here is not zero impressions or proof of non-indexation.,URL Inspection when access returns or next finalized GSC + business-role review
https://hermeslogisticsus.com/gb/london/academy/us-logistics-course/,sitemap-london.xml,geo,academy,geographic owner,,LASTMOD_UNKNOWN,51f5544a754d79ca0b2af897c608ad85016a2fca,SITEMAP_PRESENT_ON_CURRENT_MAIN,NOT_LIVE_READBACK_THIS_BATCH,PAGE_ROW_OBSERVED,3,0,3,,DISTINCT_LOCAL_UTILITY_REVIEW,UNKNOWN_NO_URL_INSPECTION,ACCESS_GAP_NO_CONNECTED_GA4,UNOBSERVED_GOVERNED_LEDGER,PENDING_EVIDENCE,Authenticated page row exists but sample is small or role-specific; no destructive decision.,URL Inspection when access returns or next finalized GSC + business-role review
https://hermeslogisticsus.com/gb/london/auto-repair-marketing/,sitemap-london.xml,geo,cross,geographic owner,,LASTMOD_UNKNOWN,51f5544a754d79ca0b2af897c608ad85016a2fca,SITEMAP_PRESENT_ON_CURRENT_MAIN,NOT_LIVE_READBACK_THIS_BATCH,NOT_OBSERVED_IN_RETURNED_ROWS,,,,,DISTINCT_LOCAL_UTILITY_REVIEW,UNKNOWN_NO_URL_INSPECTION,ACCESS_GAP_NO_CONNECTED_GA4,UNOBSERVED_GOVERNED_LEDGER,PENDING_EVIDENCE,No page row in returned GSC top set; absence here is not zero impressions or proof of non-indexation.,URL Inspection when access returns or next finalized GSC + business-role review
https://hermeslogisticsus.com/gb/london/beauty-salon-marketing/,sitemap-london.xml,geo,cross,geographic owner,,LASTMOD_UNKNOWN,51f5544a754d79ca0b2af897c608ad85016a2fca,SITEMAP_PRESENT_ON_CURRENT_MAIN,NOT_LIVE_READBACK_THIS_BATCH,NOT_OBSERVED_IN_RETURNED_ROWS,,,,,DISTINCT_LOCAL_UTILITY_REVIEW,UNKNOWN_NO_URL_INSPECTION,ACCESS_GAP_NO_CONNECTED_GA4,UNOBSERVED_GOVERNED_LEDGER,PENDING_EVIDENCE,No page row in returned GSC top set; absence here is not zero impressions or proof of non-indexation.,URL Inspection when access returns or next finalized GSC + business-role review
https://hermeslogisticsus.com/gb/london/car-detailing-marketing/,sitemap-london.xml,geo,cross,geographic owner,,LASTMOD_UNKNOWN,51f5544a754d79ca0b2af897c608ad85016a2fca,SITEMAP_PRESENT_ON_CURRENT_MAIN,NOT_LIVE_READBACK_THIS_BATCH,NOT_OBSERVED_IN_RETURNED_ROWS,,,,,DISTINCT_LOCAL_UTILITY_REVIEW,UNKNOWN_NO_URL_INSPECTION,ACCESS_GAP_NO_CONNECTED_GA4,UNOBSERVED_GOVERNED_LEDGER,PENDING_EVIDENCE,No page row in returned GSC top set; absence here is not zero impressions or proof of non-indexation.,URL Inspection when access returns or next finalized GSC + business-role review
https://hermeslogisticsus.com/gb/london/cleaning-company-marketing/,sitemap-london.xml,geo,cross,geographic owner,,LASTMOD_UNKNOWN,51f5544a754d79ca0b2af897c608ad85016a2fca,SITEMAP_PRESENT_ON_CURRENT_MAIN,NOT_LIVE_READBACK_THIS_BATCH,NOT_OBSERVED_IN_RETURNED_ROWS,,,,,DISTINCT_LOCAL_UTILITY_REVIEW,UNKNOWN_NO_URL_INSPECTION,ACCESS_GAP_NO_CONNECTED_GA4,UNOBSERVED_GOVERNED_LEDGER,PENDING_EVIDENCE,No page row in returned GSC top set; absence here is not zero impressions or proof of non-indexation.,URL Inspection when access returns or next finalized GSC + business-role review
https://hermeslogisticsus.com/gb/london/content-reels-scripts/,sitemap-london.xml,geo,cross,geographic owner,,LASTMOD_UNKNOWN,51f5544a754d79ca0b2af897c608ad85016a2fca,SITEMAP_PRESENT_ON_CURRENT_MAIN,NOT_LIVE_READBACK_THIS_BATCH,NOT_OBSERVED_IN_RETURNED_ROWS,,,,,DISTINCT_LOCAL_UTILITY_REVIEW,UNKNOWN_NO_URL_INSPECTION,ACCESS_GAP_NO_CONNECTED_GA4,UNOBSERVED_GOVERNED_LEDGER,PENDING_EVIDENCE,No page row in returned GSC top set; absence here is not zero impressions or proof of non-indexation.,URL Inspection when access returns or next finalized GSC + business-role review
https://hermeslogisticsus.com/gb/london/contractor-marketing/,sitemap-london.xml,geo,cross,geographic owner,,LASTMOD_UNKNOWN,51f5544a754d79ca0b2af897c608ad85016a2fca,SITEMAP_PRESENT_ON_CURRENT_MAIN,NOT_LIVE_READBACK_THIS_BATCH,NOT_OBSERVED_IN_RETURNED_ROWS,,,,,DISTINCT_LOCAL_UTILITY_REVIEW,UNKNOWN_NO_URL_INSPECTION,ACCESS_GAP_NO_CONNECTED_GA4,UNOBSERVED_GOVERNED_LEDGER,PENDING_EVIDENCE,No page row in returned GSC top set; absence here is not zero impressions or proof of non-indexation.,URL Inspection when access returns or next finalized GSC + business-role review
https://hermeslogisticsus.com/gb/london/crm-automation/,sitemap-london.xml,geo,cross,geographic owner,,LASTMOD_UNKNOWN,51f5544a754d79ca0b2af897c608ad85016a2fca,SITEMAP_PRESENT_ON_CURRENT_MAIN,NOT_LIVE_READBACK_THIS_BATCH,NOT_OBSERVED_IN_RETURNED_ROWS,,,,,DISTINCT_LOCAL_UTILITY_REVIEW,UNKNOWN_NO_URL_INSPECTION,ACCESS_GAP_NO_CONNECTED_GA4,UNOBSERVED_GOVERNED_LEDGER,PENDING_EVIDENCE,No page row in returned GSC top set; absence here is not zero impressions or proof of non-indexation.,URL Inspection when access returns or next finalized GSC + business-role review
https://hermeslogisticsus.com/gb/london/dental-clinic-marketing/,sitemap-london.xml,geo,cross,geographic owner,,LASTMOD_UNKNOWN,51f5544a754d79ca0b2af897c608ad85016a2fca,SITEMAP_PRESENT_ON_CURRENT_MAIN,NOT_LIVE_READBACK_THIS_BATCH,NOT_OBSERVED_IN_RETURNED_ROWS,,,,,DISTINCT_LOCAL_UTILITY_REVIEW,UNKNOWN_NO_URL_INSPECTION,ACCESS_GAP_NO_CONNECTED_GA4,UNOBSERVED_GOVERNED_LEDGER,PENDING_EVIDENCE,No page row in returned GSC top set; absence here is not zero impressions or proof of non-indexation.,URL Inspection when access returns or next finalized GSC + business-role review
https://hermeslogisticsus.com/gb/london/google-business-profile/,sitemap-london.xml,geo,cross,geographic owner,,LASTMOD_UNKNOWN,51f5544a754d79ca0b2af897c608ad85016a2fca,SITEMAP_PRESENT_ON_CURRENT_MAIN,NOT_LIVE_READBACK_THIS_BATCH,NOT_OBSERVED_IN_RETURNED_ROWS,,,,,DISTINCT_LOCAL_UTILITY_REVIEW,UNKNOWN_NO_URL_INSPECTION,ACCESS_GAP_NO_CONNECTED_GA4,UNOBSERVED_GOVERNED_LEDGER,PENDING_EVIDENCE,No page row in returned GSC top set; absence here is not zero impressions or proof of non-indexation.,URL Inspection when access returns or next finalized GSC + business-role review
https://hermeslogisticsus.com/gb/london/guides/b2-english-us-logistics/,sitemap-london.xml,geo,cross,geographic owner,,LASTMOD_UNKNOWN,51f5544a754d79ca0b2af897c608ad85016a2fca,SITEMAP_PRESENT_ON_CURRENT_MAIN,NOT_LIVE_READBACK_THIS_BATCH,NOT_OBSERVED_IN_RETURNED_ROWS,,,,,DISTINCT_LOCAL_UTILITY_REVIEW,UNKNOWN_NO_URL_INSPECTION,ACCESS_GAP_NO_CONNECTED_GA4,UNOBSERVED_GOVERNED_LEDGER,PENDING_EVIDENCE,No page row in returned GSC top set; absence here is not zero impressions or proof of non-indexation.,URL Inspection when access returns or next finalized GSC + business-role review
https://hermeslogisticsus.com/gb/london/guides/digital-growth-system/,sitemap-london.xml,geo,cross,geographic owner,,LASTMOD_UNKNOWN,51f5544a754d79ca0b2af897c608ad85016a2fca,SITEMAP_PRESENT_ON_CURRENT_MAIN,NOT_LIVE_READBACK_THIS_BATCH,NOT_OBSERVED_IN_RETURNED_ROWS,,,,,DISTINCT_LOCAL_UTILITY_REVIEW,UNKNOWN_NO_URL_INSPECTION,ACCESS_GAP_NO_CONNECTED_GA4,UNOBSERVED_GOVERNED_LEDGER,PENDING_EVIDENCE,No page row in returned GSC top set; absence here is not zero impressions or proof of non-indexation.,URL Inspection when access returns or next finalized GSC + business-role review
https://hermeslogisticsus.com/gb/london/guides/dispatcher-vs-load-planner/,sitemap-london.xml,geo,cross,geographic owner,,LASTMOD_UNKNOWN,51f5544a754d79ca0b2af897c608ad85016a2fca,SITEMAP_PRESENT_ON_CURRENT_MAIN,NOT_LIVE_READBACK_THIS_BATCH,NOT_OBSERVED_IN_RETURNED_ROWS,,,,,DISTINCT_LOCAL_UTILITY_REVIEW,UNKNOWN_NO_URL_INSPECTION,ACCESS_GAP_NO_CONNECTED_GA4,UNOBSERVED_GOVERNED_LEDGER,PENDING_EVIDENCE,No page row in returned GSC top set; absence here is not zero impressions or proof of non-indexation.,URL Inspection when access returns or next finalized GSC + business-role review
https://hermeslogisticsus.com/gb/london/guides/local-seo-london/,sitemap-london.xml,geo,marketing,geographic owner,,LASTMOD_UNKNOWN,51f5544a754d79ca0b2af897c608ad85016a2fca,SITEMAP_PRESENT_ON_CURRENT_MAIN,NOT_LIVE_READBACK_THIS_BATCH,NOT_OBSERVED_IN_RETURNED_ROWS,,,,,DISTINCT_LOCAL_UTILITY_REVIEW,UNKNOWN_NO_URL_INSPECTION,ACCESS_GAP_NO_CONNECTED_GA4,UNOBSERVED_GOVERNED_LEDGER,PENDING_EVIDENCE,No page row in returned GSC top set; absence here is not zero impressions or proof of non-indexation.,URL Inspection when access returns or next finalized GSC + business-role review
https://hermeslogisticsus.com/gb/london/guides/meta-ads-expectations/,sitemap-london.xml,geo,cross,geographic owner,,LASTMOD_UNKNOWN,51f5544a754d79ca0b2af897c608ad85016a2fca,SITEMAP_PRESENT_ON_CURRENT_MAIN,NOT_LIVE_READBACK_THIS_BATCH,NOT_OBSERVED_IN_RETURNED_ROWS,,,,,DISTINCT_LOCAL_UTILITY_REVIEW,UNKNOWN_NO_URL_INSPECTION,ACCESS_GAP_NO_CONNECTED_GA4,UNOBSERVED_GOVERNED_LEDGER,PENDING_EVIDENCE,No page row in returned GSC top set; absence here is not zero impressions or proof of non-indexation.,URL Inspection when access returns or next finalized GSC + business-role review
https://hermeslogisticsus.com/gb/london/guides/small-business-website-guide/,sitemap-london.xml,geo,cross,geographic owner,,LASTMOD_UNKNOWN,51f5544a754d79ca0b2af897c608ad85016a2fca,SITEMAP_PRESENT_ON_CURRENT_MAIN,NOT_LIVE_READBACK_THIS_BATCH,NOT_OBSERVED_IN_RETURNED_ROWS,,,,,DISTINCT_LOCAL_UTILITY_REVIEW,UNKNOWN_NO_URL_INSPECTION,ACCESS_GAP_NO_CONNECTED_GA4,UNOBSERVED_GOVERNED_LEDGER,PENDING_EVIDENCE,No page row in returned GSC top set; absence here is not zero impressions or proof of non-indexation.,URL Inspection when access returns or next finalized GSC + business-role review
https://hermeslogisticsus.com/gb/london/guides/social-media-strategy/,sitemap-london.xml,geo,marketing,geographic owner,,LASTMOD_UNKNOWN,51f5544a754d79ca0b2af897c608ad85016a2fca,SITEMAP_PRESENT_ON_CURRENT_MAIN,NOT_LIVE_READBACK_THIS_BATCH,NOT_OBSERVED_IN_RETURNED_ROWS,,,,,DISTINCT_LOCAL_UTILITY_REVIEW,UNKNOWN_NO_URL_INSPECTION,ACCESS_GAP_NO_CONNECTED_GA4,UNOBSERVED_GOVERNED_LEDGER,PENDING_EVIDENCE,No page row in returned GSC top set; absence here is not zero impressions or proof of non-indexation.,URL Inspection when access returns or next finalized GSC + business-role review
https://hermeslogisticsus.com/gb/london/guides/training-curriculum/,sitemap-london.xml,geo,cross,geographic owner,,LASTMOD_UNKNOWN,51f5544a754d79ca0b2af897c608ad85016a2fca,SITEMAP_PRESENT_ON_CURRENT_MAIN,NOT_LIVE_READBACK_THIS_BATCH,NOT_OBSERVED_IN_RETURNED_ROWS,,,,,DISTINCT_LOCAL_UTILITY_REVIEW,UNKNOWN_NO_URL_INSPECTION,ACCESS_GAP_NO_CONNECTED_GA4,UNOBSERVED_GOVERNED_LEDGER,PENDING_EVIDENCE,No page row in returned GSC top set; absence here is not zero impressions or proof of non-indexation.,URL Inspection when access returns or next finalized GSC + business-role review
https://hermeslogisticsus.com/gb/london/guides/us-logistics-roles/,sitemap-london.xml,geo,cross,geographic owner,,LASTMOD_UNKNOWN,51f5544a754d79ca0b2af897c608ad85016a2fca,SITEMAP_PRESENT_ON_CURRENT_MAIN,NOT_LIVE_READBACK_THIS_BATCH,NOT_OBSERVED_IN_RETURNED_ROWS,,,,,DISTINCT_LOCAL_UTILITY_REVIEW,UNKNOWN_NO_URL_INSPECTION,ACCESS_GAP_NO_CONNECTED_GA4,UNOBSERVED_GOVERNED_LEDGER,PENDING_EVIDENCE,No page row in returned GSC top set; absence here is not zero impressions or proof of non-indexation.,URL Inspection when access returns or next finalized GSC + business-role review
https://hermeslogisticsus.com/gb/london/guides/website-seo-funnel/,sitemap-london.xml,geo,cross,geographic owner,,LASTMOD_UNKNOWN,51f5544a754d79ca0b2af897c608ad85016a2fca,SITEMAP_PRESENT_ON_CURRENT_MAIN,NOT_LIVE_READBACK_THIS_BATCH,NOT_OBSERVED_IN_RETURNED_ROWS,,,,,DISTINCT_LOCAL_UTILITY_REVIEW,UNKNOWN_NO_URL_INSPECTION,ACCESS_GAP_NO_CONNECTED_GA4,UNOBSERVED_GOVERNED_LEDGER,PENDING_EVIDENCE,No page row in returned GSC top set; absence here is not zero impressions or proof of non-indexation.,URL Inspection when access returns or next finalized GSC + business-role review
https://hermeslogisticsus.com/gb/london/home-services-marketing/,sitemap-london.xml,geo,cross,geographic owner,,LASTMOD_UNKNOWN,51f5544a754d79ca0b2af897c608ad85016a2fca,SITEMAP_PRESENT_ON_CURRENT_MAIN,NOT_LIVE_READBACK_THIS_BATCH,NOT_OBSERVED_IN_RETURNED_ROWS,,,,,DISTINCT_LOCAL_UTILITY_REVIEW,UNKNOWN_NO_URL_INSPECTION,ACCESS_GAP_NO_CONNECTED_GA4,UNOBSERVED_GOVERNED_LEDGER,PENDING_EVIDENCE,No page row in returned GSC top set; absence here is not zero impressions or proof of non-indexation.,URL Inspection when access returns or next finalized GSC + business-role review
https://hermeslogisticsus.com/gb/london/it-web-development/,sitemap-london.xml,geo,cross,geographic owner,,LASTMOD_UNKNOWN,51f5544a754d79ca0b2af897c608ad85016a2fca,SITEMAP_PRESENT_ON_CURRENT_MAIN,NOT_LIVE_READBACK_THIS_BATCH,NOT_OBSERVED_IN_RETURNED_ROWS,,,,,DISTINCT_LOCAL_UTILITY_REVIEW,UNKNOWN_NO_URL_INSPECTION,ACCESS_GAP_NO_CONNECTED_GA4,UNOBSERVED_GOVERNED_LEDGER,PENDING_EVIDENCE,No page row in returned GSC top set; absence here is not zero impressions or proof of non-indexation.,URL Inspection when access returns or next finalized GSC + business-role review
https://hermeslogisticsus.com/gb/london/landing-page-development/,sitemap-london.xml,geo,cross,geographic owner,,LASTMOD_UNKNOWN,51f5544a754d79ca0b2af897c608ad85016a2fca,SITEMAP_PRESENT_ON_CURRENT_MAIN,NOT_LIVE_READBACK_THIS_BATCH,NOT_OBSERVED_IN_RETURNED_ROWS,,,,,DISTINCT_LOCAL_UTILITY_REVIEW,UNKNOWN_NO_URL_INSPECTION,ACCESS_GAP_NO_CONNECTED_GA4,UNOBSERVED_GOVERNED_LEDGER,PENDING_EVIDENCE,No page row in returned GSC top set; absence here is not zero impressions or proof of non-indexation.,URL Inspection when access returns or next finalized GSC + business-role review
https://hermeslogisticsus.com/gb/london/local-seo/,sitemap-london.xml,geo,marketing,geographic owner,,LASTMOD_UNKNOWN,51f5544a754d79ca0b2af897c608ad85016a2fca,SITEMAP_PRESENT_ON_CURRENT_MAIN,NOT_LIVE_READBACK_THIS_BATCH,NOT_OBSERVED_IN_RETURNED_ROWS,,,,,DISTINCT_LOCAL_UTILITY_REVIEW,UNKNOWN_NO_URL_INSPECTION,ACCESS_GAP_NO_CONNECTED_GA4,UNOBSERVED_GOVERNED_LEDGER,PENDING_EVIDENCE,No page row in returned GSC top set; absence here is not zero impressions or proof of non-indexation.,URL Inspection when access returns or next finalized GSC + business-role review
https://hermeslogisticsus.com/gb/london/logistics-company-marketing/,sitemap-london.xml,geo,logistics,geographic owner,,LASTMOD_UNKNOWN,51f5544a754d79ca0b2af897c608ad85016a2fca,SITEMAP_PRESENT_ON_CURRENT_MAIN,NOT_LIVE_READBACK_THIS_BATCH,NOT_OBSERVED_IN_RETURNED_ROWS,,,,,DISTINCT_LOCAL_UTILITY_REVIEW,UNKNOWN_NO_URL_INSPECTION,ACCESS_GAP_NO_CONNECTED_GA4,UNOBSERVED_GOVERNED_LEDGER,PENDING_EVIDENCE,No page row in returned GSC top set; absence here is not zero impressions or proof of non-indexation.,URL Inspection when access returns or next finalized GSC + business-role review
https://hermeslogisticsus.com/gb/london/marketing-audit/,sitemap-london.xml,geo,marketing,geographic owner,,LASTMOD_UNKNOWN,51f5544a754d79ca0b2af897c608ad85016a2fca,SITEMAP_PRESENT_ON_CURRENT_MAIN,NOT_LIVE_READBACK_THIS_BATCH,NOT_OBSERVED_IN_RETURNED_ROWS,,,,,DISTINCT_LOCAL_UTILITY_REVIEW,UNKNOWN_NO_URL_INSPECTION,ACCESS_GAP_NO_CONNECTED_GA4,UNOBSERVED_GOVERNED_LEDGER,PENDING_EVIDENCE,No page row in returned GSC top set; absence here is not zero impressions or proof of non-indexation.,URL Inspection when access returns or next finalized GSC + business-role review
https://hermeslogisticsus.com/gb/london/marketing/,sitemap-london.xml,geo,marketing,geographic owner,,LASTMOD_UNKNOWN,51f5544a754d79ca0b2af897c608ad85016a2fca,SITEMAP_PRESENT_ON_CURRENT_MAIN,NOT_LIVE_READBACK_THIS_BATCH,NOT_OBSERVED_IN_RETURNED_ROWS,,,,,DISTINCT_LOCAL_UTILITY_REVIEW,UNKNOWN_NO_URL_INSPECTION,ACCESS_GAP_NO_CONNECTED_GA4,UNOBSERVED_GOVERNED_LEDGER,PENDING_EVIDENCE,No page row in returned GSC top set; absence here is not zero impressions or proof of non-indexation.,URL Inspection when access returns or next finalized GSC + business-role review
https://hermeslogisticsus.com/gb/london/meta-ads/,sitemap-london.xml,geo,cross,geographic owner,,LASTMOD_UNKNOWN,51f5544a754d79ca0b2af897c608ad85016a2fca,SITEMAP_PRESENT_ON_CURRENT_MAIN,NOT_LIVE_READBACK_THIS_BATCH,NOT_OBSERVED_IN_RETURNED_ROWS,,,,,DISTINCT_LOCAL_UTILITY_REVIEW,UNKNOWN_NO_URL_INSPECTION,ACCESS_GAP_NO_CONNECTED_GA4,UNOBSERVED_GOVERNED_LEDGER,PENDING_EVIDENCE,No page row in returned GSC top set; absence here is not zero impressions or proof of non-indexation.,URL Inspection when access returns or next finalized GSC + business-role review
https://hermeslogisticsus.com/gb/london/professional-services-marketing/,sitemap-london.xml,geo,cross,geographic owner,,LASTMOD_UNKNOWN,51f5544a754d79ca0b2af897c608ad85016a2fca,SITEMAP_PRESENT_ON_CURRENT_MAIN,NOT_LIVE_READBACK_THIS_BATCH,NOT_OBSERVED_IN_RETURNED_ROWS,,,,,DISTINCT_LOCAL_UTILITY_REVIEW,UNKNOWN_NO_URL_INSPECTION,ACCESS_GAP_NO_CONNECTED_GA4,UNOBSERVED_GOVERNED_LEDGER,PENDING_EVIDENCE,No page row in returned GSC top set; absence here is not zero impressions or proof of non-indexation.,URL Inspection when access returns or next finalized GSC + business-role review
https://hermeslogisticsus.com/gb/london/restaurant-marketing/,sitemap-london.xml,geo,cross,geographic owner,,LASTMOD_UNKNOWN,51f5544a754d79ca0b2af897c608ad85016a2fca,SITEMAP_PRESENT_ON_CURRENT_MAIN,NOT_LIVE_READBACK_THIS_BATCH,NOT_OBSERVED_IN_RETURNED_ROWS,,,,,DISTINCT_LOCAL_UTILITY_REVIEW,UNKNOWN_NO_URL_INSPECTION,ACCESS_GAP_NO_CONNECTED_GA4,UNOBSERVED_GOVERNED_LEDGER,PENDING_EVIDENCE,No page row in returned GSC top set; absence here is not zero impressions or proof of non-indexation.,URL Inspection when access returns or next finalized GSC + business-role review
https://hermeslogisticsus.com/gb/london/seo-services/,sitemap-london.xml,geo,cross,geographic owner,,LASTMOD_UNKNOWN,51f5544a754d79ca0b2af897c608ad85016a2fca,SITEMAP_PRESENT_ON_CURRENT_MAIN,NOT_LIVE_READBACK_THIS_BATCH,NOT_OBSERVED_IN_RETURNED_ROWS,,,,,DISTINCT_LOCAL_UTILITY_REVIEW,UNKNOWN_NO_URL_INSPECTION,ACCESS_GAP_NO_CONNECTED_GA4,UNOBSERVED_GOVERNED_LEDGER,PENDING_EVIDENCE,No page row in returned GSC top set; absence here is not zero impressions or proof of non-indexation.,URL Inspection when access returns or next finalized GSC + business-role review
https://hermeslogisticsus.com/gb/london/social-media-management/,sitemap-london.xml,geo,marketing,geographic owner,,LASTMOD_UNKNOWN,51f5544a754d79ca0b2af897c608ad85016a2fca,SITEMAP_PRESENT_ON_CURRENT_MAIN,NOT_LIVE_READBACK_THIS_BATCH,NOT_OBSERVED_IN_RETURNED_ROWS,,,,,DISTINCT_LOCAL_UTILITY_REVIEW,UNKNOWN_NO_URL_INSPECTION,ACCESS_GAP_NO_CONNECTED_GA4,UNOBSERVED_GOVERNED_LEDGER,PENDING_EVIDENCE,No page row in returned GSC top set; absence here is not zero impressions or proof of non-indexation.,URL Inspection when access returns or next finalized GSC + business-role review
https://hermeslogisticsus.com/gb/london/us-logistics-training/,sitemap-london.xml,geo,cross,geographic owner,,LASTMOD_UNKNOWN,51f5544a754d79ca0b2af897c608ad85016a2fca,SITEMAP_PRESENT_ON_CURRENT_MAIN,NOT_LIVE_READBACK_THIS_BATCH,PAGE_ROW_OBSERVED,1,0,2,,DISTINCT_LOCAL_UTILITY_REVIEW,UNKNOWN_NO_URL_INSPECTION,ACCESS_GAP_NO_CONNECTED_GA4,UNOBSERVED_GOVERNED_LEDGER,PENDING_EVIDENCE,Authenticated page row exists but sample is small or role-specific; no destructive decision.,URL Inspection when access returns or next finalized GSC + business-role review
https://hermeslogisticsus.com/gb/london/website-development/,sitemap-london.xml,geo,technology,geographic owner,,LASTMOD_UNKNOWN,51f5544a754d79ca0b2af897c608ad85016a2fca,SITEMAP_PRESENT_ON_CURRENT_MAIN,NOT_LIVE_READBACK_THIS_BATCH,NOT_OBSERVED_IN_RETURNED_ROWS,,,,,DISTINCT_LOCAL_UTILITY_REVIEW,UNKNOWN_NO_URL_INSPECTION,ACCESS_GAP_NO_CONNECTED_GA4,UNOBSERVED_GOVERNED_LEDGER,PENDING_EVIDENCE,No page row in returned GSC top set; absence here is not zero impressions or proof of non-indexation.,URL Inspection when access returns or next finalized GSC + business-role review
https://hermeslogisticsus.com/ru/gb/london/,sitemap-london.xml,geo,cross,geographic owner,,LASTMOD_UNKNOWN,51f5544a754d79ca0b2af897c608ad85016a2fca,SITEMAP_PRESENT_ON_CURRENT_MAIN,NOT_LIVE_READBACK_THIS_BATCH,NOT_OBSERVED_IN_RETURNED_ROWS,,,,,DISTINCT_LOCAL_UTILITY_REVIEW,UNKNOWN_NO_URL_INSPECTION,ACCESS_GAP_NO_CONNECTED_GA4,UNOBSERVED_GOVERNED_LEDGER,PENDING_EVIDENCE,No page row in returned GSC top set; absence here is not zero impressions or proof of non-indexation.,URL Inspection when access returns or next finalized GSC + business-role review
https://hermeslogisticsus.com/ru/gb/london/it-web-development/,sitemap-london.xml,geo,cross,geographic owner,,LASTMOD_UNKNOWN,51f5544a754d79ca0b2af897c608ad85016a2fca,SITEMAP_PRESENT_ON_CURRENT_MAIN,NOT_LIVE_READBACK_THIS_BATCH,NOT_OBSERVED_IN_RETURNED_ROWS,,,,,DISTINCT_LOCAL_UTILITY_REVIEW,UNKNOWN_NO_URL_INSPECTION,ACCESS_GAP_NO_CONNECTED_GA4,UNOBSERVED_GOVERNED_LEDGER,PENDING_EVIDENCE,No page row in returned GSC top set; absence here is not zero impressions or proof of non-indexation.,URL Inspection when access returns or next finalized GSC + business-role review
https://hermeslogisticsus.com/ru/gb/london/marketing/,sitemap-london.xml,geo,marketing,geographic owner,,LASTMOD_UNKNOWN,51f5544a754d79ca0b2af897c608ad85016a2fca,SITEMAP_PRESENT_ON_CURRENT_MAIN,NOT_LIVE_READBACK_THIS_BATCH,NOT_OBSERVED_IN_RETURNED_ROWS,,,,,DISTINCT_LOCAL_UTILITY_REVIEW,UNKNOWN_NO_URL_INSPECTION,ACCESS_GAP_NO_CONNECTED_GA4,UNOBSERVED_GOVERNED_LEDGER,PENDING_EVIDENCE,No page row in returned GSC top set; absence here is not zero impressions or proof of non-indexation.,URL Inspection when access returns or next finalized GSC + business-role review
https://hermeslogisticsus.com/ru/gb/london/us-logistics-training/,sitemap-london.xml,geo,cross,geographic owner,,LASTMOD_UNKNOWN,51f5544a754d79ca0b2af897c608ad85016a2fca,SITEMAP_PRESENT_ON_CURRENT_MAIN,NOT_LIVE_READBACK_THIS_BATCH,NOT_OBSERVED_IN_RETURNED_ROWS,,,,,DISTINCT_LOCAL_UTILITY_REVIEW,UNKNOWN_NO_URL_INSPECTION,ACCESS_GAP_NO_CONNECTED_GA4,UNOBSERVED_GOVERNED_LEDGER,PENDING_EVIDENCE,No page row in returned GSC top set; absence here is not zero impressions or proof of non-indexation.,URL Inspection when access returns or next finalized GSC + business-role review
https://hermeslogisticsus.com/ua/gb/london/,sitemap-london.xml,geo,cross,geographic owner,,LASTMOD_UNKNOWN,51f5544a754d79ca0b2af897c608ad85016a2fca,SITEMAP_PRESENT_ON_CURRENT_MAIN,NOT_LIVE_READBACK_THIS_BATCH,NOT_OBSERVED_IN_RETURNED_ROWS,,,,,DISTINCT_LOCAL_UTILITY_REVIEW,UNKNOWN_NO_URL_INSPECTION,ACCESS_GAP_NO_CONNECTED_GA4,UNOBSERVED_GOVERNED_LEDGER,PENDING_EVIDENCE,No page row in returned GSC top set; absence here is not zero impressions or proof of non-indexation.,URL Inspection when access returns or next finalized GSC + business-role review
https://hermeslogisticsus.com/ua/gb/london/it-web-development/,sitemap-london.xml,geo,cross,geographic owner,,LASTMOD_UNKNOWN,51f5544a754d79ca0b2af897c608ad85016a2fca,SITEMAP_PRESENT_ON_CURRENT_MAIN,NOT_LIVE_READBACK_THIS_BATCH,NOT_OBSERVED_IN_RETURNED_ROWS,,,,,DISTINCT_LOCAL_UTILITY_REVIEW,UNKNOWN_NO_URL_INSPECTION,ACCESS_GAP_NO_CONNECTED_GA4,UNOBSERVED_GOVERNED_LEDGER,PENDING_EVIDENCE,No page row in returned GSC top set; absence here is not zero impressions or proof of non-indexation.,URL Inspection when access returns or next finalized GSC + business-role review
https://hermeslogisticsus.com/ua/gb/london/marketing/,sitemap-london.xml,geo,marketing,geographic owner,,LASTMOD_UNKNOWN,51f5544a754d79ca0b2af897c608ad85016a2fca,SITEMAP_PRESENT_ON_CURRENT_MAIN,NOT_LIVE_READBACK_THIS_BATCH,NOT_OBSERVED_IN_RETURNED_ROWS,,,,,DISTINCT_LOCAL_UTILITY_REVIEW,UNKNOWN_NO_URL_INSPECTION,ACCESS_GAP_NO_CONNECTED_GA4,UNOBSERVED_GOVERNED_LEDGER,PENDING_EVIDENCE,No page row in returned GSC top set; absence here is not zero impressions or proof of non-indexation.,URL Inspection when access returns or next finalized GSC + business-role review
https://hermeslogisticsus.com/ua/gb/london/us-logistics-training/,sitemap-london.xml,geo,cross,geographic owner,,LASTMOD_UNKNOWN,51f5544a754d79ca0b2af897c608ad85016a2fca,SITEMAP_PRESENT_ON_CURRENT_MAIN,NOT_LIVE_READBACK_THIS_BATCH,NOT_OBSERVED_IN_RETURNED_ROWS,,,,,DISTINCT_LOCAL_UTILITY_REVIEW,UNKNOWN_NO_URL_INSPECTION,ACCESS_GAP_NO_CONNECTED_GA4,UNOBSERVED_GOVERNED_LEDGER,PENDING_EVIDENCE,No page row in returned GSC top set; absence here is not zero impressions or proof of non-indexation.,URL Inspection when access returns or next finalized GSC + business-role review
https://hermeslogisticsus.com/logistics/auction-vehicle-pickup/,sitemap-services.xml,core_money,logistics,commercial/service owner,2026-07-31,PRE_WINDOW_VERSION,51f5544a754d79ca0b2af897c608ad85016a2fca,SITEMAP_PRESENT_ON_CURRENT_MAIN,NOT_LIVE_READBACK_THIS_BATCH,NOT_OBSERVED_IN_RETURNED_ROWS,,,,,COMMERCIAL_INTENT_REVIEW,UNKNOWN_NO_URL_INSPECTION,ACCESS_GAP_NO_CONNECTED_GA4,UNOBSERVED_GOVERNED_LEDGER,PENDING_EVIDENCE,No page row in returned GSC top set; absence here is not zero impressions or proof of non-indexation.,URL Inspection when access returns or next finalized GSC + business-role review
https://hermeslogisticsus.com/logistics/car-hauler-loads/,sitemap-services.xml,core_money,logistics,commercial/service owner,2026-09-20,RECENT_14D_AT_GSC_END,51f5544a754d79ca0b2af897c608ad85016a2fca,SITEMAP_PRESENT_ON_CURRENT_MAIN,NOT_LIVE_READBACK_THIS_BATCH,NOT_OBSERVED_IN_RETURNED_ROWS,,,,,COMMERCIAL_INTENT_REVIEW,UNKNOWN_NO_URL_INSPECTION,ACCESS_GAP_NO_CONNECTED_GA4,UNOBSERVED_GOVERNED_LEDGER,PENDING_EVIDENCE,No page row in returned GSC top set; absence here is not zero impressions or proof of non-indexation.,URL Inspection when access returns or next finalized GSC + business-role review
https://hermeslogisticsus.com/logistics/car-hauler-loads/auburn-wa/,sitemap-services.xml,core_money,logistics,commercial/service owner,2026-09-08,CHANGED_IN_GSC_WINDOW,51f5544a754d79ca0b2af897c608ad85016a2fca,SITEMAP_PRESENT_ON_CURRENT_MAIN,NOT_LIVE_READBACK_THIS_BATCH,NOT_OBSERVED_IN_RETURNED_ROWS,,,,,COMMERCIAL_INTENT_REVIEW,UNKNOWN_NO_URL_INSPECTION,ACCESS_GAP_NO_CONNECTED_GA4,UNOBSERVED_GOVERNED_LEDGER,PENDING_EVIDENCE,No page row in returned GSC top set; absence here is not zero impressions or proof of non-indexation.,URL Inspection when access returns or next finalized GSC + business-role review
https://hermeslogisticsus.com/logistics/car-hauler-loads/aurora-co/,sitemap-services.xml,core_money,logistics,commercial/service owner,2026-09-08,CHANGED_IN_GSC_WINDOW,51f5544a754d79ca0b2af897c608ad85016a2fca,SITEMAP_PRESENT_ON_CURRENT_MAIN,NOT_LIVE_READBACK_THIS_BATCH,NOT_OBSERVED_IN_RETURNED_ROWS,,,,,COMMERCIAL_INTENT_REVIEW,UNKNOWN_NO_URL_INSPECTION,ACCESS_GAP_NO_CONNECTED_GA4,UNOBSERVED_GOVERNED_LEDGER,PENDING_EVIDENCE,No page row in returned GSC top set; absence here is not zero impressions or proof of non-indexation.,URL Inspection when access returns or next finalized GSC + business-role review
https://hermeslogisticsus.com/logistics/car-hauler-loads/bridgeton-mo/,sitemap-services.xml,core_money,logistics,commercial/service owner,2026-09-08,CHANGED_IN_GSC_WINDOW,51f5544a754d79ca0b2af897c608ad85016a2fca,SITEMAP_PRESENT_ON_CURRENT_MAIN,NOT_LIVE_READBACK_THIS_BATCH,NOT_OBSERVED_IN_RETURNED_ROWS,,,,,COMMERCIAL_INTENT_REVIEW,UNKNOWN_NO_URL_INSPECTION,ACCESS_GAP_NO_CONNECTED_GA4,UNOBSERVED_GOVERNED_LEDGER,PENDING_EVIDENCE,No page row in returned GSC top set; absence here is not zero impressions or proof of non-indexation.,URL Inspection when access returns or next finalized GSC + business-role review
https://hermeslogisticsus.com/logistics/car-hauler-loads/brighton-co/,sitemap-services.xml,core_money,logistics,commercial/service owner,2026-09-08,CHANGED_IN_GSC_WINDOW,51f5544a754d79ca0b2af897c608ad85016a2fca,SITEMAP_PRESENT_ON_CURRENT_MAIN,NOT_LIVE_READBACK_THIS_BATCH,NOT_OBSERVED_IN_RETURNED_ROWS,,,,,COMMERCIAL_INTENT_REVIEW,UNKNOWN_NO_URL_INSPECTION,ACCESS_GAP_NO_CONNECTED_GA4,UNOBSERVED_GOVERNED_LEDGER,PENDING_EVIDENCE,No page row in returned GSC top set; absence here is not zero impressions or proof of non-indexation.,URL Inspection when access returns or next finalized GSC + business-role review
https://hermeslogisticsus.com/logistics/car-hauler-loads/chicago-heights-il/,sitemap-services.xml,core_money,logistics,commercial/service owner,2026-09-08,CHANGED_IN_GSC_WINDOW,51f5544a754d79ca0b2af897c608ad85016a2fca,SITEMAP_PRESENT_ON_CURRENT_MAIN,NOT_LIVE_READBACK_THIS_BATCH,NOT_OBSERVED_IN_RETURNED_ROWS,,,,,COMMERCIAL_INTENT_REVIEW,UNKNOWN_NO_URL_INSPECTION,ACCESS_GAP_NO_CONNECTED_GA4,UNOBSERVED_GOVERNED_LEDGER,PENDING_EVIDENCE,No page row in returned GSC top set; absence here is not zero impressions or proof of non-indexation.,URL Inspection when access returns or next finalized GSC + business-role review
https://hermeslogisticsus.com/logistics/car-hauler-loads/chicago-il/,sitemap-services.xml,core_money,logistics,commercial/service owner,2026-09-08,CHANGED_IN_GSC_WINDOW,51f5544a754d79ca0b2af897c608ad85016a2fca,SITEMAP_PRESENT_ON_CURRENT_MAIN,NOT_LIVE_READBACK_THIS_BATCH,NOT_OBSERVED_IN_RETURNED_ROWS,,,,,COMMERCIAL_INTENT_REVIEW,UNKNOWN_NO_URL_INSPECTION,ACCESS_GAP_NO_CONNECTED_GA4,UNOBSERVED_GOVERNED_LEDGER,PENDING_EVIDENCE,No page row in returned GSC top set; absence here is not zero impressions or proof of non-indexation.,URL Inspection when access returns or next finalized GSC + business-role review
https://hermeslogisticsus.com/logistics/car-hauler-loads/colorado-springs-co/,sitemap-services.xml,core_money,logistics,commercial/service owner,2026-09-08,CHANGED_IN_GSC_WINDOW,51f5544a754d79ca0b2af897c608ad85016a2fca,SITEMAP_PRESENT_ON_CURRENT_MAIN,NOT_LIVE_READBACK_THIS_BATCH,NOT_OBSERVED_IN_RETURNED_ROWS,,,,,COMMERCIAL_INTENT_REVIEW,UNKNOWN_NO_URL_INSPECTION,ACCESS_GAP_NO_CONNECTED_GA4,UNOBSERVED_GOVERNED_LEDGER,PENDING_EVIDENCE,No page row in returned GSC top set; absence here is not zero impressions or proof of non-indexation.,URL Inspection when access returns or next finalized GSC + business-role review
https://hermeslogisticsus.com/logistics/car-hauler-loads/commerce-city-co/,sitemap-services.xml,core_money,logistics,commercial/service owner,2026-09-08,CHANGED_IN_GSC_WINDOW,51f5544a754d79ca0b2af897c608ad85016a2fca,SITEMAP_PRESENT_ON_CURRENT_MAIN,NOT_LIVE_READBACK_THIS_BATCH,NOT_OBSERVED_IN_RETURNED_ROWS,,,,,COMMERCIAL_INTENT_REVIEW,UNKNOWN_NO_URL_INSPECTION,ACCESS_GAP_NO_CONNECTED_GA4,UNOBSERVED_GOVERNED_LEDGER,PENDING_EVIDENCE,No page row in returned GSC top set; absence here is not zero impressions or proof of non-indexation.,URL Inspection when access returns or next finalized GSC + business-role review
https://hermeslogisticsus.com/logistics/car-hauler-loads/denver-co/,sitemap-services.xml,core_money,logistics,commercial/service owner,2026-09-08,CHANGED_IN_GSC_WINDOW,51f5544a754d79ca0b2af897c608ad85016a2fca,SITEMAP_PRESENT_ON_CURRENT_MAIN,NOT_LIVE_READBACK_THIS_BATCH,NOT_OBSERVED_IN_RETURNED_ROWS,,,,,COMMERCIAL_INTENT_REVIEW,UNKNOWN_NO_URL_INSPECTION,ACCESS_GAP_NO_CONNECTED_GA4,UNOBSERVED_GOVERNED_LEDGER,PENDING_EVIDENCE,No page row in returned GSC top set; absence here is not zero impressions or proof of non-indexation.,URL Inspection when access returns or next finalized GSC + business-role review
https://hermeslogisticsus.com/logistics/car-hauler-loads/fountain-co/,sitemap-services.xml,core_money,logistics,commercial/service owner,2026-09-08,CHANGED_IN_GSC_WINDOW,51f5544a754d79ca0b2af897c608ad85016a2fca,SITEMAP_PRESENT_ON_CURRENT_MAIN,NOT_LIVE_READBACK_THIS_BATCH,NOT_OBSERVED_IN_RETURNED_ROWS,,,,,COMMERCIAL_INTENT_REVIEW,UNKNOWN_NO_URL_INSPECTION,ACCESS_GAP_NO_CONNECTED_GA4,UNOBSERVED_GOVERNED_LEDGER,PENDING_EVIDENCE,No page row in returned GSC top set; absence here is not zero impressions or proof of non-indexation.,URL Inspection when access returns or next finalized GSC + business-role review
https://hermeslogisticsus.com/logistics/car-hauler-loads/fremont-ca/,sitemap-services.xml,core_money,logistics,commercial/service owner,2026-09-08,CHANGED_IN_GSC_WINDOW,51f5544a754d79ca0b2af897c608ad85016a2fca,SITEMAP_PRESENT_ON_CURRENT_MAIN,NOT_LIVE_READBACK_THIS_BATCH,NOT_OBSERVED_IN_RETURNED_ROWS,,,,,COMMERCIAL_INTENT_REVIEW,UNKNOWN_NO_URL_INSPECTION,ACCESS_GAP_NO_CONNECTED_GA4,UNOBSERVED_GOVERNED_LEDGER,PENDING_EVIDENCE,No page row in returned GSC top set; absence here is not zero impressions or proof of non-indexation.,URL Inspection when access returns or next finalized GSC + business-role review
https://hermeslogisticsus.com/logistics/car-hauler-loads/graham-wa/,sitemap-services.xml,core_money,logistics,commercial/service owner,2026-09-08,CHANGED_IN_GSC_WINDOW,51f5544a754d79ca0b2af897c608ad85016a2fca,SITEMAP_PRESENT_ON_CURRENT_MAIN,NOT_LIVE_READBACK_THIS_BATCH,NOT_OBSERVED_IN_RETURNED_ROWS,,,,,COMMERCIAL_INTENT_REVIEW,UNKNOWN_NO_URL_INSPECTION,ACCESS_GAP_NO_CONNECTED_GA4,UNOBSERVED_GOVERNED_LEDGER,PENDING_EVIDENCE,No page row in returned GSC top set; absence here is not zero impressions or proof of non-indexation.,URL Inspection when access returns or next finalized GSC + business-role review
https://hermeslogisticsus.com/logistics/car-hauler-loads/kansas-city-mo-ks/,sitemap-services.xml,core_money,logistics,commercial/service owner,2026-09-08,CHANGED_IN_GSC_WINDOW,51f5544a754d79ca0b2af897c608ad85016a2fca,SITEMAP_PRESENT_ON_CURRENT_MAIN,NOT_LIVE_READBACK_THIS_BATCH,NOT_OBSERVED_IN_RETURNED_ROWS,,,,,COMMERCIAL_INTENT_REVIEW,UNKNOWN_NO_URL_INSPECTION,ACCESS_GAP_NO_CONNECTED_GA4,UNOBSERVED_GOVERNED_LEDGER,PENDING_EVIDENCE,No page row in returned GSC top set; absence here is not zero impressions or proof of non-indexation.,URL Inspection when access returns or next finalized GSC + business-role review
https://hermeslogisticsus.com/logistics/car-hauler-loads/lynnwood-wa/,sitemap-services.xml,core_money,logistics,commercial/service owner,2026-09-08,CHANGED_IN_GSC_WINDOW,51f5544a754d79ca0b2af897c608ad85016a2fca,SITEMAP_PRESENT_ON_CURRENT_MAIN,NOT_LIVE_READBACK_THIS_BATCH,NOT_OBSERVED_IN_RETURNED_ROWS,,,,,COMMERCIAL_INTENT_REVIEW,UNKNOWN_NO_URL_INSPECTION,ACCESS_GAP_NO_CONNECTED_GA4,UNOBSERVED_GOVERNED_LEDGER,PENDING_EVIDENCE,No page row in returned GSC top set; absence here is not zero impressions or proof of non-indexation.,URL Inspection when access returns or next finalized GSC + business-role review
https://hermeslogisticsus.com/logistics/car-hauler-loads/marysville-wa/,sitemap-services.xml,core_money,logistics,commercial/service owner,2026-09-08,CHANGED_IN_GSC_WINDOW,51f5544a754d79ca0b2af897c608ad85016a2fca,SITEMAP_PRESENT_ON_CURRENT_MAIN,NOT_LIVE_READBACK_THIS_BATCH,NOT_OBSERVED_IN_RETURNED_ROWS,,,,,COMMERCIAL_INTENT_REVIEW,UNKNOWN_NO_URL_INSPECTION,ACCESS_GAP_NO_CONNECTED_GA4,UNOBSERVED_GOVERNED_LEDGER,PENDING_EVIDENCE,No page row in returned GSC top set; absence here is not zero impressions or proof of non-indexation.,URL Inspection when access returns or next finalized GSC + business-role review
https://hermeslogisticsus.com/logistics/car-hauler-loads/pueblo-co/,sitemap-services.xml,core_money,logistics,commercial/service owner,2026-09-08,CHANGED_IN_GSC_WINDOW,51f5544a754d79ca0b2af897c608ad85016a2fca,SITEMAP_PRESENT_ON_CURRENT_MAIN,NOT_LIVE_READBACK_THIS_BATCH,NOT_OBSERVED_IN_RETURNED_ROWS,,,,,COMMERCIAL_INTENT_REVIEW,UNKNOWN_NO_URL_INSPECTION,ACCESS_GAP_NO_CONNECTED_GA4,UNOBSERVED_GOVERNED_LEDGER,PENDING_EVIDENCE,No page row in returned GSC top set; absence here is not zero impressions or proof of non-indexation.,URL Inspection when access returns or next finalized GSC + business-role review
https://hermeslogisticsus.com/logistics/car-hauler-loads/puyallup-wa/,sitemap-services.xml,core_money,logistics,commercial/service owner,2026-09-08,CHANGED_IN_GSC_WINDOW,51f5544a754d79ca0b2af897c608ad85016a2fca,SITEMAP_PRESENT_ON_CURRENT_MAIN,NOT_LIVE_READBACK_THIS_BATCH,NOT_OBSERVED_IN_RETURNED_ROWS,,,,,COMMERCIAL_INTENT_REVIEW,UNKNOWN_NO_URL_INSPECTION,ACCESS_GAP_NO_CONNECTED_GA4,UNOBSERVED_GOVERNED_LEDGER,PENDING_EVIDENCE,No page row in returned GSC top set; absence here is not zero impressions or proof of non-indexation.,URL Inspection when access returns or next finalized GSC + business-role review
https://hermeslogisticsus.com/logistics/car-hauler-loads/renton-wa/,sitemap-services.xml,core_money,logistics,commercial/service owner,2026-09-08,CHANGED_IN_GSC_WINDOW,51f5544a754d79ca0b2af897c608ad85016a2fca,SITEMAP_PRESENT_ON_CURRENT_MAIN,NOT_LIVE_READBACK_THIS_BATCH,NOT_OBSERVED_IN_RETURNED_ROWS,,,,,COMMERCIAL_INTENT_REVIEW,UNKNOWN_NO_URL_INSPECTION,ACCESS_GAP_NO_CONNECTED_GA4,UNOBSERVED_GOVERNED_LEDGER,PENDING_EVIDENCE,No page row in returned GSC top set; absence here is not zero impressions or proof of non-indexation.,URL Inspection when access returns or next finalized GSC + business-role review
https://hermeslogisticsus.com/logistics/car-hauler-loads/rogersville-mo/,sitemap-services.xml,core_money,logistics,commercial/service owner,2026-09-08,CHANGED_IN_GSC_WINDOW,51f5544a754d79ca0b2af897c608ad85016a2fca,SITEMAP_PRESENT_ON_CURRENT_MAIN,NOT_LIVE_READBACK_THIS_BATCH,NOT_OBSERVED_IN_RETURNED_ROWS,,,,,COMMERCIAL_INTENT_REVIEW,UNKNOWN_NO_URL_INSPECTION,ACCESS_GAP_NO_CONNECTED_GA4,UNOBSERVED_GOVERNED_LEDGER,PENDING_EVIDENCE,No page row in returned GSC top set; absence here is not zero impressions or proof of non-indexation.,URL Inspection when access returns or next finalized GSC + business-role review
https://hermeslogisticsus.com/logistics/car-hauler-loads/seattle-wa/,sitemap-services.xml,core_money,logistics,commercial/service owner,2026-09-08,CHANGED_IN_GSC_WINDOW,51f5544a754d79ca0b2af897c608ad85016a2fca,SITEMAP_PRESENT_ON_CURRENT_MAIN,NOT_LIVE_READBACK_THIS_BATCH,NOT_OBSERVED_IN_RETURNED_ROWS,,,,,COMMERCIAL_INTENT_REVIEW,UNKNOWN_NO_URL_INSPECTION,ACCESS_GAP_NO_CONNECTED_GA4,UNOBSERVED_GOVERNED_LEDGER,PENDING_EVIDENCE,No page row in returned GSC top set; absence here is not zero impressions or proof of non-indexation.,URL Inspection when access returns or next finalized GSC + business-role review
https://hermeslogisticsus.com/logistics/car-hauler-loads/springfield-mo/,sitemap-services.xml,core_money,logistics,commercial/service owner,2026-09-08,CHANGED_IN_GSC_WINDOW,51f5544a754d79ca0b2af897c608ad85016a2fca,SITEMAP_PRESENT_ON_CURRENT_MAIN,NOT_LIVE_READBACK_THIS_BATCH,NOT_OBSERVED_IN_RETURNED_ROWS,,,,,COMMERCIAL_INTENT_REVIEW,UNKNOWN_NO_URL_INSPECTION,ACCESS_GAP_NO_CONNECTED_GA4,UNOBSERVED_GOVERNED_LEDGER,PENDING_EVIDENCE,No page row in returned GSC top set; absence here is not zero impressions or proof of non-indexation.,URL Inspection when access returns or next finalized GSC + business-role review
https://hermeslogisticsus.com/logistics/car-hauler-loads/st-louis-mo/,sitemap-services.xml,core_money,logistics,commercial/service owner,2026-09-08,CHANGED_IN_GSC_WINDOW,51f5544a754d79ca0b2af897c608ad85016a2fca,SITEMAP_PRESENT_ON_CURRENT_MAIN,NOT_LIVE_READBACK_THIS_BATCH,NOT_OBSERVED_IN_RETURNED_ROWS,,,,,COMMERCIAL_INTENT_REVIEW,UNKNOWN_NO_URL_INSPECTION,ACCESS_GAP_NO_CONNECTED_GA4,UNOBSERVED_GOVERNED_LEDGER,PENDING_EVIDENCE,No page row in returned GSC top set; absence here is not zero impressions or proof of non-indexation.,URL Inspection when access returns or next finalized GSC + business-role review
https://hermeslogisticsus.com/logistics/car-hauler-loads/tacoma-wa/,sitemap-services.xml,core_money,logistics,commercial/service owner,2026-09-08,CHANGED_IN_GSC_WINDOW,51f5544a754d79ca0b2af897c608ad85016a2fca,SITEMAP_PRESENT_ON_CURRENT_MAIN,NOT_LIVE_READBACK_THIS_BATCH,NOT_OBSERVED_IN_RETURNED_ROWS,,,,,COMMERCIAL_INTENT_REVIEW,UNKNOWN_NO_URL_INSPECTION,ACCESS_GAP_NO_CONNECTED_GA4,UNOBSERVED_GOVERNED_LEDGER,PENDING_EVIDENCE,No page row in returned GSC top set; absence here is not zero impressions or proof of non-indexation.,URL Inspection when access returns or next finalized GSC + business-role review
https://hermeslogisticsus.com/logistics/car-hauler-loads/topeka-ks/,sitemap-services.xml,core_money,logistics,commercial/service owner,2026-09-08,CHANGED_IN_GSC_WINDOW,51f5544a754d79ca0b2af897c608ad85016a2fca,SITEMAP_PRESENT_ON_CURRENT_MAIN,NOT_LIVE_READBACK_THIS_BATCH,NOT_OBSERVED_IN_RETURNED_ROWS,,,,,COMMERCIAL_INTENT_REVIEW,UNKNOWN_NO_URL_INSPECTION,ACCESS_GAP_NO_CONNECTED_GA4,UNOBSERVED_GOVERNED_LEDGER,PENDING_EVIDENCE,No page row in returned GSC top set; absence here is not zero impressions or proof of non-indexation.,URL Inspection when access returns or next finalized GSC + business-role review
https://hermeslogisticsus.com/logistics/car-hauler-loads/university-park-il/,sitemap-services.xml,core_money,logistics,commercial/service owner,2026-09-08,CHANGED_IN_GSC_WINDOW,51f5544a754d79ca0b2af897c608ad85016a2fca,SITEMAP_PRESENT_ON_CURRENT_MAIN,NOT_LIVE_READBACK_THIS_BATCH,NOT_OBSERVED_IN_RETURNED_ROWS,,,,,COMMERCIAL_INTENT_REVIEW,UNKNOWN_NO_URL_INSPECTION,ACCESS_GAP_NO_CONNECTED_GA4,UNOBSERVED_GOVERNED_LEDGER,PENDING_EVIDENCE,No page row in returned GSC top set; absence here is not zero impressions or proof of non-indexation.,URL Inspection when access returns or next finalized GSC + business-role review
https://hermeslogisticsus.com/logistics/car-hauling-dispatch/,sitemap-services.xml,core_money,logistics,commercial/service owner,2026-09-20,RECENT_14D_AT_GSC_END,51f5544a754d79ca0b2af897c608ad85016a2fca,SITEMAP_PRESENT_ON_CURRENT_MAIN,LIVE_200_FORCED_FETCH_2026-09-26,QUERY_PAGE_ROWS_PARTIAL,3,0,55.666666666666664,2,ESTABLISHED_CANONICAL_OWNER,UNKNOWN_NO_URL_INSPECTION,ACCESS_GAP_NO_CONNECTED_GA4,UNOBSERVED_GOVERNED_LEDGER,IMPROVE,Current canonical owner / entity role preserved; change only from specific evidence.,Comparable query×page evidence + qualified-action evidence before bounded change
https://hermeslogisticsus.com/logistics/dealer-vehicle-transportation/,sitemap-services.xml,core_money,logistics,commercial/service owner,2026-08-19,PRE_WINDOW_VERSION,51f5544a754d79ca0b2af897c608ad85016a2fca,SITEMAP_PRESENT_ON_CURRENT_MAIN,NOT_LIVE_READBACK_THIS_BATCH,NOT_OBSERVED_IN_RETURNED_ROWS,,,,,COMMERCIAL_INTENT_REVIEW,UNKNOWN_NO_URL_INSPECTION,ACCESS_GAP_NO_CONNECTED_GA4,UNOBSERVED_GOVERNED_LEDGER,PENDING_EVIDENCE,No page row in returned GSC top set; absence here is not zero impressions or proof of non-indexation.,URL Inspection when access returns or next finalized GSC + business-role review
https://hermeslogisticsus.com/logistics/direct-vehicle-transport-network/,sitemap-services.xml,core_money,logistics,commercial/service owner,2026-08-12,PRE_WINDOW_VERSION,51f5544a754d79ca0b2af897c608ad85016a2fca,SITEMAP_PRESENT_ON_CURRENT_MAIN,NOT_LIVE_READBACK_THIS_BATCH,NOT_OBSERVED_IN_RETURNED_ROWS,,,,,COMMERCIAL_INTENT_REVIEW,UNKNOWN_NO_URL_INSPECTION,ACCESS_GAP_NO_CONNECTED_GA4,UNOBSERVED_GOVERNED_LEDGER,PENDING_EVIDENCE,No page row in returned GSC top set; absence here is not zero impressions or proof of non-indexation.,URL Inspection when access returns or next finalized GSC + business-role review
https://hermeslogisticsus.com/logistics/enclosed-vehicle-transport/,sitemap-services.xml,core_money,logistics,commercial/service owner,2026-07-31,PRE_WINDOW_VERSION,51f5544a754d79ca0b2af897c608ad85016a2fca,SITEMAP_PRESENT_ON_CURRENT_MAIN,NOT_LIVE_READBACK_THIS_BATCH,NOT_OBSERVED_IN_RETURNED_ROWS,,,,,COMMERCIAL_INTENT_REVIEW,UNKNOWN_NO_URL_INSPECTION,ACCESS_GAP_NO_CONNECTED_GA4,UNOBSERVED_GOVERNED_LEDGER,PENDING_EVIDENCE,No page row in returned GSC top set; absence here is not zero impressions or proof of non-indexation.,URL Inspection when access returns or next finalized GSC + business-role review
https://hermeslogisticsus.com/logistics/fleet-owner-dispatch-support/,sitemap-services.xml,core_money,logistics,commercial/service owner,2026-07-31,PRE_WINDOW_VERSION,51f5544a754d79ca0b2af897c608ad85016a2fca,SITEMAP_PRESENT_ON_CURRENT_MAIN,NOT_LIVE_READBACK_THIS_BATCH,NOT_OBSERVED_IN_RETURNED_ROWS,,,,,COMMERCIAL_INTENT_REVIEW,UNKNOWN_NO_URL_INSPECTION,ACCESS_GAP_NO_CONNECTED_GA4,UNOBSERVED_GOVERNED_LEDGER,PENDING_EVIDENCE,No page row in returned GSC top set; absence here is not zero impressions or proof of non-indexation.,URL Inspection when access returns or next finalized GSC + business-role review
https://hermeslogisticsus.com/logistics/inoperable-vehicle-transport/,sitemap-services.xml,core_money,logistics,commercial/service owner,2026-07-31,PRE_WINDOW_VERSION,51f5544a754d79ca0b2af897c608ad85016a2fca,SITEMAP_PRESENT_ON_CURRENT_MAIN,NOT_LIVE_READBACK_THIS_BATCH,NOT_OBSERVED_IN_RETURNED_ROWS,,,,,COMMERCIAL_INTENT_REVIEW,UNKNOWN_NO_URL_INSPECTION,ACCESS_GAP_NO_CONNECTED_GA4,UNOBSERVED_GOVERNED_LEDGER,PENDING_EVIDENCE,No page row in returned GSC top set; absence here is not zero impressions or proof of non-indexation.,URL Inspection when access returns or next finalized GSC + business-role review
https://hermeslogisticsus.com/logistics/multi-car-transport/,sitemap-services.xml,core_money,logistics,commercial/service owner,2026-07-31,PRE_WINDOW_VERSION,51f5544a754d79ca0b2af897c608ad85016a2fca,SITEMAP_PRESENT_ON_CURRENT_MAIN,NOT_LIVE_READBACK_THIS_BATCH,NOT_OBSERVED_IN_RETURNED_ROWS,,,,,COMMERCIAL_INTENT_REVIEW,UNKNOWN_NO_URL_INSPECTION,ACCESS_GAP_NO_CONNECTED_GA4,UNOBSERVED_GOVERNED_LEDGER,PENDING_EVIDENCE,No page row in returned GSC top set; absence here is not zero impressions or proof of non-indexation.,URL Inspection when access returns or next finalized GSC + business-role review
https://hermeslogisticsus.com/logistics/new-authority-car-hauler-support/,sitemap-services.xml,core_money,logistics,commercial/service owner,2026-08-02,PRE_WINDOW_VERSION,51f5544a754d79ca0b2af897c608ad85016a2fca,SITEMAP_PRESENT_ON_CURRENT_MAIN,NOT_LIVE_READBACK_THIS_BATCH,NOT_OBSERVED_IN_RETURNED_ROWS,,,,,COMMERCIAL_INTENT_REVIEW,UNKNOWN_NO_URL_INSPECTION,ACCESS_GAP_NO_CONNECTED_GA4,UNOBSERVED_GOVERNED_LEDGER,PENDING_EVIDENCE,No page row in returned GSC top set; absence here is not zero impressions or proof of non-indexation.,URL Inspection when access returns or next finalized GSC + business-role review
https://hermeslogisticsus.com/logistics/open-vehicle-transport/,sitemap-services.xml,core_money,logistics,commercial/service owner,2026-07-31,PRE_WINDOW_VERSION,51f5544a754d79ca0b2af897c608ad85016a2fca,SITEMAP_PRESENT_ON_CURRENT_MAIN,NOT_LIVE_READBACK_THIS_BATCH,NOT_OBSERVED_IN_RETURNED_ROWS,,,,,COMMERCIAL_INTENT_REVIEW,UNKNOWN_NO_URL_INSPECTION,ACCESS_GAP_NO_CONNECTED_GA4,UNOBSERVED_GOVERNED_LEDGER,PENDING_EVIDENCE,No page row in returned GSC top set; absence here is not zero impressions or proof of non-indexation.,URL Inspection when access returns or next finalized GSC + business-role review
https://hermeslogisticsus.com/logistics/owner-operator-dispatch-support/,sitemap-services.xml,core_money,logistics,commercial/service owner,2026-09-15,RECENT_14D_AT_GSC_END,51f5544a754d79ca0b2af897c608ad85016a2fca,SITEMAP_PRESENT_ON_CURRENT_MAIN,NOT_LIVE_READBACK_THIS_BATCH,NOT_OBSERVED_IN_RETURNED_ROWS,,,,,COMMERCIAL_INTENT_REVIEW,UNKNOWN_NO_URL_INSPECTION,ACCESS_GAP_NO_CONNECTED_GA4,UNOBSERVED_GOVERNED_LEDGER,PENDING_EVIDENCE,No page row in returned GSC top set; absence here is not zero impressions or proof of non-indexation.,URL Inspection when access returns or next finalized GSC + business-role review
https://hermeslogisticsus.com/logistics/port-vehicle-pickup/,sitemap-services.xml,core_money,logistics,commercial/service owner,2026-08-19,PRE_WINDOW_VERSION,51f5544a754d79ca0b2af897c608ad85016a2fca,SITEMAP_PRESENT_ON_CURRENT_MAIN,NOT_LIVE_READBACK_THIS_BATCH,NOT_OBSERVED_IN_RETURNED_ROWS,,,,,COMMERCIAL_INTENT_REVIEW,UNKNOWN_NO_URL_INSPECTION,ACCESS_GAP_NO_CONNECTED_GA4,UNOBSERVED_GOVERNED_LEDGER,PENDING_EVIDENCE,No page row in returned GSC top set; absence here is not zero impressions or proof of non-indexation.,URL Inspection when access returns or next finalized GSC + business-role review
https://hermeslogisticsus.com/logistics/resources/,sitemap-services.xml,supporting_authority,logistics,authority/evidence,2026-08-19,PRE_WINDOW_VERSION,51f5544a754d79ca0b2af897c608ad85016a2fca,SITEMAP_PRESENT_ON_CURRENT_MAIN,NOT_LIVE_READBACK_THIS_BATCH,NOT_OBSERVED_IN_RETURNED_ROWS,,,,,SUPPORTING_ROLE_REVIEW,UNKNOWN_NO_URL_INSPECTION,ACCESS_GAP_NO_CONNECTED_GA4,UNOBSERVED_GOVERNED_LEDGER,PENDING_EVIDENCE,No page row in returned GSC top set; absence here is not zero impressions or proof of non-indexation.,Entity/authority/usefulness evidence + next finalized search window
https://hermeslogisticsus.com/logistics/resources/broker-setup-packet-checklist/,sitemap-services.xml,supporting_authority,logistics,authority/evidence,2026-08-03,PRE_WINDOW_VERSION,51f5544a754d79ca0b2af897c608ad85016a2fca,SITEMAP_PRESENT_ON_CURRENT_MAIN,NOT_LIVE_READBACK_THIS_BATCH,NOT_OBSERVED_IN_RETURNED_ROWS,,,,,SUPPORTING_ROLE_REVIEW,UNKNOWN_NO_URL_INSPECTION,ACCESS_GAP_NO_CONNECTED_GA4,UNOBSERVED_GOVERNED_LEDGER,PENDING_EVIDENCE,No page row in returned GSC top set; absence here is not zero impressions or proof of non-indexation.,Entity/authority/usefulness evidence + next finalized search window
https://hermeslogisticsus.com/logistics/resources/car-hauler-jobs-owner-operator-guide/,sitemap-services.xml,supporting_authority,logistics,authority/evidence,2026-09-15,RECENT_14D_AT_GSC_END,51f5544a754d79ca0b2af897c608ad85016a2fca,SITEMAP_PRESENT_ON_CURRENT_MAIN,NOT_LIVE_READBACK_THIS_BATCH,NOT_OBSERVED_IN_RETURNED_ROWS,,,,,SUPPORTING_ROLE_REVIEW,UNKNOWN_NO_URL_INSPECTION,ACCESS_GAP_NO_CONNECTED_GA4,UNOBSERVED_GOVERNED_LEDGER,PENDING_EVIDENCE,No page row in returned GSC top set; absence here is not zero impressions or proof of non-indexation.,Entity/authority/usefulness evidence + next finalized search window
https://hermeslogisticsus.com/logistics/resources/dispatch-service-vs-self-dispatch/,sitemap-services.xml,supporting_authority,logistics,authority/evidence,2026-08-03,PRE_WINDOW_VERSION,51f5544a754d79ca0b2af897c608ad85016a2fca,SITEMAP_PRESENT_ON_CURRENT_MAIN,NOT_LIVE_READBACK_THIS_BATCH,NOT_OBSERVED_IN_RETURNED_ROWS,,,,,SUPPORTING_ROLE_REVIEW,UNKNOWN_NO_URL_INSPECTION,ACCESS_GAP_NO_CONNECTED_GA4,UNOBSERVED_GOVERNED_LEDGER,PENDING_EVIDENCE,No page row in returned GSC top set; absence here is not zero impressions or proof of non-indexation.,Entity/authority/usefulness evidence + next finalized search window
https://hermeslogisticsus.com/logistics/resources/factoring-vs-direct-payment-calculator/,sitemap-services.xml,supporting_authority,logistics,authority/evidence,2026-08-11,PRE_WINDOW_VERSION,51f5544a754d79ca0b2af897c608ad85016a2fca,SITEMAP_PRESENT_ON_CURRENT_MAIN,NOT_LIVE_READBACK_THIS_BATCH,NOT_OBSERVED_IN_RETURNED_ROWS,,,,,SUPPORTING_ROLE_REVIEW,UNKNOWN_NO_URL_INSPECTION,ACCESS_GAP_NO_CONNECTED_GA4,UNOBSERVED_GOVERNED_LEDGER,PENDING_EVIDENCE,No page row in returned GSC top set; absence here is not zero impressions or proof of non-indexation.,Entity/authority/usefulness evidence + next finalized search window
https://hermeslogisticsus.com/logistics/resources/new-authority-car-hauler-readiness-checklist/,sitemap-services.xml,supporting_authority,logistics,authority/evidence,2026-08-02,PRE_WINDOW_VERSION,51f5544a754d79ca0b2af897c608ad85016a2fca,SITEMAP_PRESENT_ON_CURRENT_MAIN,NOT_LIVE_READBACK_THIS_BATCH,NOT_OBSERVED_IN_RETURNED_ROWS,,,,,SUPPORTING_ROLE_REVIEW,UNKNOWN_NO_URL_INSPECTION,ACCESS_GAP_NO_CONNECTED_GA4,UNOBSERVED_GOVERNED_LEDGER,PENDING_EVIDENCE,No page row in returned GSC top set; absence here is not zero impressions or proof of non-indexation.,Entity/authority/usefulness evidence + next finalized search window
https://hermeslogisticsus.com/logistics/resources/rpm-calculator/,sitemap-services.xml,supporting_authority,logistics,authority/evidence,2026-08-11,PRE_WINDOW_VERSION,51f5544a754d79ca0b2af897c608ad85016a2fca,SITEMAP_PRESENT_ON_CURRENT_MAIN,NOT_LIVE_READBACK_THIS_BATCH,NOT_OBSERVED_IN_RETURNED_ROWS,,,,,SUPPORTING_ROLE_REVIEW,UNKNOWN_NO_URL_INSPECTION,ACCESS_GAP_NO_CONNECTED_GA4,UNOBSERVED_GOVERNED_LEDGER,PENDING_EVIDENCE,No page row in returned GSC top set; absence here is not zero impressions or proof of non-indexation.,Entity/authority/usefulness evidence + next finalized search window
https://hermeslogisticsus.com/logistics/resources/wisconsin-car-shipping-cost-guide/,sitemap-services.xml,supporting_authority,logistics,authority/evidence,2026-08-19,PRE_WINDOW_VERSION,51f5544a754d79ca0b2af897c608ad85016a2fca,SITEMAP_PRESENT_ON_CURRENT_MAIN,NOT_LIVE_READBACK_THIS_BATCH,NOT_OBSERVED_IN_RETURNED_ROWS,,,,,SUPPORTING_ROLE_REVIEW,UNKNOWN_NO_URL_INSPECTION,ACCESS_GAP_NO_CONNECTED_GA4,UNOBSERVED_GOVERNED_LEDGER,PENDING_EVIDENCE,No page row in returned GSC top set; absence here is not zero impressions or proof of non-indexation.,Entity/authority/usefulness evidence + next finalized search window
https://hermeslogisticsus.com/about/,sitemap-trust.xml,supporting_authority,cross,authority/evidence,2026-08-02,PRE_WINDOW_VERSION,51f5544a754d79ca0b2af897c608ad85016a2fca,SITEMAP_PRESENT_ON_CURRENT_MAIN,LIVE_200_FORCED_FETCH_2026-09-26,PAGE_ROW_OBSERVED,12,0,10.916666666666666,2,ESTABLISHED_CANONICAL_OWNER,UNKNOWN_NO_URL_INSPECTION,ACCESS_GAP_NO_CONNECTED_GA4,UNOBSERVED_GOVERNED_LEDGER,KEEP,Current canonical owner / entity role preserved; change only from specific evidence.,Entity/authority/usefulness evidence + next finalized search window
https://hermeslogisticsus.com/accessibility/,sitemap-trust.xml,supporting_authority,cross,authority/evidence,2026-08-02,PRE_WINDOW_VERSION,51f5544a754d79ca0b2af897c608ad85016a2fca,SITEMAP_PRESENT_ON_CURRENT_MAIN,NOT_LIVE_READBACK_THIS_BATCH,PAGE_ROW_OBSERVED,4,0,8.75,,SUPPORTING_ROLE_REVIEW,UNKNOWN_NO_URL_INSPECTION,ACCESS_GAP_NO_CONNECTED_GA4,UNOBSERVED_GOVERNED_LEDGER,PENDING_EVIDENCE,Authenticated page row exists but sample is small or role-specific; no destructive decision.,Entity/authority/usefulness evidence + next finalized search window
https://hermeslogisticsus.com/asset-licensing/,sitemap-trust.xml,supporting_authority,cross,authority/evidence,2026-08-10,PRE_WINDOW_VERSION,51f5544a754d79ca0b2af897c608ad85016a2fca,SITEMAP_PRESENT_ON_CURRENT_MAIN,NOT_LIVE_READBACK_THIS_BATCH,NOT_OBSERVED_IN_RETURNED_ROWS,,,,,SUPPORTING_ROLE_REVIEW,UNKNOWN_NO_URL_INSPECTION,ACCESS_GAP_NO_CONNECTED_GA4,UNOBSERVED_GOVERNED_LEDGER,PENDING_EVIDENCE,No page row in returned GSC top set; absence here is not zero impressions or proof of non-indexation.,Entity/authority/usefulness evidence + next finalized search window
https://hermeslogisticsus.com/data-security/,sitemap-trust.xml,supporting_authority,cross,authority/evidence,2026-08-10,PRE_WINDOW_VERSION,51f5544a754d79ca0b2af897c608ad85016a2fca,SITEMAP_PRESENT_ON_CURRENT_MAIN,NOT_LIVE_READBACK_THIS_BATCH,NOT_OBSERVED_IN_RETURNED_ROWS,,,,,SUPPORTING_ROLE_REVIEW,UNKNOWN_NO_URL_INSPECTION,ACCESS_GAP_NO_CONNECTED_GA4,UNOBSERVED_GOVERNED_LEDGER,PENDING_EVIDENCE,No page row in returned GSC top set; absence here is not zero impressions or proof of non-indexation.,Entity/authority/usefulness evidence + next finalized search window
https://hermeslogisticsus.com/editorial-policy/,sitemap-trust.xml,supporting_authority,cross,authority/evidence,2026-08-02,PRE_WINDOW_VERSION,51f5544a754d79ca0b2af897c608ad85016a2fca,SITEMAP_PRESENT_ON_CURRENT_MAIN,NOT_LIVE_READBACK_THIS_BATCH,PAGE_ROW_OBSERVED,3,0,27,,SUPPORTING_ROLE_REVIEW,UNKNOWN_NO_URL_INSPECTION,ACCESS_GAP_NO_CONNECTED_GA4,UNOBSERVED_GOVERNED_LEDGER,PENDING_EVIDENCE,Authenticated page row exists but sample is small or role-specific; no destructive decision.,Entity/authority/usefulness evidence + next finalized search window
https://hermeslogisticsus.com/legal-compliance/,sitemap-trust.xml,supporting_authority,cross,authority/evidence,2026-08-10,PRE_WINDOW_VERSION,51f5544a754d79ca0b2af897c608ad85016a2fca,SITEMAP_PRESENT_ON_CURRENT_MAIN,NOT_LIVE_READBACK_THIS_BATCH,NOT_OBSERVED_IN_RETURNED_ROWS,,,,,SUPPORTING_ROLE_REVIEW,UNKNOWN_NO_URL_INSPECTION,ACCESS_GAP_NO_CONNECTED_GA4,UNOBSERVED_GOVERNED_LEDGER,PENDING_EVIDENCE,No page row in returned GSC top set; absence here is not zero impressions or proof of non-indexation.,Entity/authority/usefulness evidence + next finalized search window
https://hermeslogisticsus.com/payments-cancellations/,sitemap-trust.xml,supporting_authority,cross,authority/evidence,2026-08-10,PRE_WINDOW_VERSION,51f5544a754d79ca0b2af897c608ad85016a2fca,SITEMAP_PRESENT_ON_CURRENT_MAIN,NOT_LIVE_READBACK_THIS_BATCH,NOT_OBSERVED_IN_RETURNED_ROWS,,,,,SUPPORTING_ROLE_REVIEW,UNKNOWN_NO_URL_INSPECTION,ACCESS_GAP_NO_CONNECTED_GA4,UNOBSERVED_GOVERNED_LEDGER,PENDING_EVIDENCE,No page row in returned GSC top set; absence here is not zero impressions or proof of non-indexation.,Entity/authority/usefulness evidence + next finalized search window
https://hermeslogisticsus.com/regional-privacy/,sitemap-trust.xml,supporting_authority,cross,authority/evidence,2026-08-10,PRE_WINDOW_VERSION,51f5544a754d79ca0b2af897c608ad85016a2fca,SITEMAP_PRESENT_ON_CURRENT_MAIN,NOT_LIVE_READBACK_THIS_BATCH,NOT_OBSERVED_IN_RETURNED_ROWS,,,,,SUPPORTING_ROLE_REVIEW,UNKNOWN_NO_URL_INSPECTION,ACCESS_GAP_NO_CONNECTED_GA4,UNOBSERVED_GOVERNED_LEDGER,PENDING_EVIDENCE,No page row in returned GSC top set; absence here is not zero impressions or proof of non-indexation.,Entity/authority/usefulness evidence + next finalized search window
https://hermeslogisticsus.com/terms/,sitemap-trust.xml,supporting_authority,cross,authority/evidence,2026-08-02,PRE_WINDOW_VERSION,51f5544a754d79ca0b2af897c608ad85016a2fca,SITEMAP_PRESENT_ON_CURRENT_MAIN,NOT_LIVE_READBACK_THIS_BATCH,NOT_OBSERVED_IN_RETURNED_ROWS,,,,,SUPPORTING_ROLE_REVIEW,UNKNOWN_NO_URL_INSPECTION,ACCESS_GAP_NO_CONNECTED_GA4,UNOBSERVED_GOVERNED_LEDGER,PENDING_EVIDENCE,No page row in returned GSC top set; absence here is not zero impressions or proof of non-indexation.,Entity/authority/usefulness evidence + next finalized search window
https://hermeslogisticsus.com/,sitemap.xml,core_money,cross,commercial/service owner,2026-09-20,RECENT_14D_AT_GSC_END,51f5544a754d79ca0b2af897c608ad85016a2fca,SITEMAP_PRESENT_ON_CURRENT_MAIN,LIVE_200_FORCED_FETCH_2026-09-26,PAGE_ROW_OBSERVED,139,3,49.97122302158273,6,ESTABLISHED_CANONICAL_OWNER,UNKNOWN_NO_URL_INSPECTION,ACCESS_GAP_NO_CONNECTED_GA4,UNOBSERVED_GOVERNED_LEDGER,KEEP,Current canonical owner / entity role preserved; change only from specific evidence.,URL Inspection when access returns or next finalized GSC + business-role review
https://hermeslogisticsus.com/careers/car-hauling-dispatcher/,sitemap.xml,core_money,logistics,commercial/service owner,2026-08-14,PRE_WINDOW_VERSION,51f5544a754d79ca0b2af897c608ad85016a2fca,SITEMAP_PRESENT_ON_CURRENT_MAIN,NOT_LIVE_READBACK_THIS_BATCH,PAGE_ROW_OBSERVED,6,0,5.333333333333333,1,ESTABLISHED_CANONICAL_OWNER,UNKNOWN_NO_URL_INSPECTION,ACCESS_GAP_NO_CONNECTED_GA4,UNOBSERVED_GOVERNED_LEDGER,KEEP,Current canonical owner / entity role preserved; change only from specific evidence.,URL Inspection when access returns or next finalized GSC + business-role review
https://hermeslogisticsus.com/case/it-development/,sitemap.xml,core_money,technology,commercial/service owner,2026-07-18,PRE_WINDOW_VERSION,51f5544a754d79ca0b2af897c608ad85016a2fca,SITEMAP_PRESENT_ON_CURRENT_MAIN,NOT_LIVE_READBACK_THIS_BATCH,NOT_OBSERVED_IN_RETURNED_ROWS,,,,,COMMERCIAL_INTENT_REVIEW,UNKNOWN_NO_URL_INSPECTION,ACCESS_GAP_NO_CONNECTED_GA4,UNOBSERVED_GOVERNED_LEDGER,PENDING_EVIDENCE,Authenticated page row exists but sample is small or role-specific; no destructive decision.,URL Inspection when access returns or next finalized GSC + business-role review
https://hermeslogisticsus.com/company-information/,sitemap.xml,supporting_authority,cross,authority/evidence,2026-09-22,RECENT_14D_AT_GSC_END,51f5544a754d79ca0b2af897c608ad85016a2fca,SITEMAP_PRESENT_ON_CURRENT_MAIN,LIVE_200_FORCED_FETCH_2026-09-26,PAGE_ROW_OBSERVED,3,0,30.333333333333332,,ESTABLISHED_CANONICAL_OWNER,UNKNOWN_NO_URL_INSPECTION,ACCESS_GAP_NO_CONNECTED_GA4,UNOBSERVED_GOVERNED_LEDGER,KEEP,Current canonical owner / entity role preserved; change only from specific evidence.,Entity/authority/usefulness evidence + next finalized search window
https://hermeslogisticsus.com/contacts/,sitemap.xml,core_money,cross,commercial/service owner,2026-09-20,RECENT_14D_AT_GSC_END,51f5544a754d79ca0b2af897c608ad85016a2fca,SITEMAP_PRESENT_ON_CURRENT_MAIN,LIVE_200_FORCED_FETCH_2026-09-26,PAGE_ROW_OBSERVED,16,0,7,2,ESTABLISHED_CANONICAL_OWNER,UNKNOWN_NO_URL_INSPECTION,ACCESS_GAP_NO_CONNECTED_GA4,UNOBSERVED_GOVERNED_LEDGER,KEEP,Current canonical owner / entity role preserved; change only from specific evidence.,URL Inspection when access returns or next finalized GSC + business-role review
https://hermeslogisticsus.com/es/,sitemap.xml,localization,cross,localized owner,2026-07-30,PRE_WINDOW_VERSION,51f5544a754d79ca0b2af897c608ad85016a2fca,SITEMAP_PRESENT_ON_CURRENT_MAIN,NOT_LIVE_READBACK_THIS_BATCH,NOT_OBSERVED_IN_RETURNED_ROWS,,,,,LANGUAGE_OWNER_REVIEW,UNKNOWN_NO_URL_INSPECTION,ACCESS_GAP_NO_CONNECTED_GA4,UNOBSERVED_GOVERNED_LEDGER,PENDING_EVIDENCE,No page row in returned GSC top set; absence here is not zero impressions or proof of non-indexation.,URL Inspection when access returns or next finalized GSC + business-role review
https://hermeslogisticsus.com/es/academia/,sitemap.xml,localization,cross,localized owner,2026-09-16,RECENT_14D_AT_GSC_END,51f5544a754d79ca0b2af897c608ad85016a2fca,SITEMAP_PRESENT_ON_CURRENT_MAIN,NOT_LIVE_READBACK_THIS_BATCH,NOT_OBSERVED_IN_RETURNED_ROWS,,,,,LANGUAGE_OWNER_REVIEW,UNKNOWN_NO_URL_INSPECTION,ACCESS_GAP_NO_CONNECTED_GA4,UNOBSERVED_GOVERNED_LEDGER,PENDING_EVIDENCE,No page row in returned GSC top set; absence here is not zero impressions or proof of non-indexation.,URL Inspection when access returns or next finalized GSC + business-role review
https://hermeslogisticsus.com/es/logistica/,sitemap.xml,localization,cross,localized owner,2026-09-16,RECENT_14D_AT_GSC_END,51f5544a754d79ca0b2af897c608ad85016a2fca,SITEMAP_PRESENT_ON_CURRENT_MAIN,NOT_LIVE_READBACK_THIS_BATCH,NOT_OBSERVED_IN_RETURNED_ROWS,,,,,LANGUAGE_OWNER_REVIEW,UNKNOWN_NO_URL_INSPECTION,ACCESS_GAP_NO_CONNECTED_GA4,UNOBSERVED_GOVERNED_LEDGER,PENDING_EVIDENCE,No page row in returned GSC top set; absence here is not zero impressions or proof of non-indexation.,URL Inspection when access returns or next finalized GSC + business-role review
https://hermeslogisticsus.com/es/marketing/,sitemap.xml,localization,marketing,localized owner,2026-09-16,RECENT_14D_AT_GSC_END,51f5544a754d79ca0b2af897c608ad85016a2fca,SITEMAP_PRESENT_ON_CURRENT_MAIN,NOT_LIVE_READBACK_THIS_BATCH,NOT_OBSERVED_IN_RETURNED_ROWS,,,,,LANGUAGE_OWNER_REVIEW,UNKNOWN_NO_URL_INSPECTION,ACCESS_GAP_NO_CONNECTED_GA4,UNOBSERVED_GOVERNED_LEDGER,PENDING_EVIDENCE,No page row in returned GSC top set; absence here is not zero impressions or proof of non-indexation.,URL Inspection when access returns or next finalized GSC + business-role review
https://hermeslogisticsus.com/es/tecnologia/,sitemap.xml,localization,cross,localized owner,2026-09-16,RECENT_14D_AT_GSC_END,51f5544a754d79ca0b2af897c608ad85016a2fca,SITEMAP_PRESENT_ON_CURRENT_MAIN,NOT_LIVE_READBACK_THIS_BATCH,NOT_OBSERVED_IN_RETURNED_ROWS,,,,,LANGUAGE_OWNER_REVIEW,UNKNOWN_NO_URL_INSPECTION,ACCESS_GAP_NO_CONNECTED_GA4,UNOBSERVED_GOVERNED_LEDGER,PENDING_EVIDENCE,No page row in returned GSC top set; absence here is not zero impressions or proof of non-indexation.,URL Inspection when access returns or next finalized GSC + business-role review
https://hermeslogisticsus.com/fr/,sitemap.xml,localization,cross,localized owner,2026-07-30,PRE_WINDOW_VERSION,51f5544a754d79ca0b2af897c608ad85016a2fca,SITEMAP_PRESENT_ON_CURRENT_MAIN,NOT_LIVE_READBACK_THIS_BATCH,PAGE_ROW_OBSERVED,6,1,6,,LANGUAGE_OWNER_REVIEW,UNKNOWN_NO_URL_INSPECTION,ACCESS_GAP_NO_CONNECTED_GA4,UNOBSERVED_GOVERNED_LEDGER,KEEP,Authenticated page row has current clicks; preserve owner and measure downstream value.,URL Inspection when access returns or next finalized GSC + business-role review
https://hermeslogisticsus.com/fr/academie/,sitemap.xml,localization,cross,localized owner,2026-09-16,RECENT_14D_AT_GSC_END,51f5544a754d79ca0b2af897c608ad85016a2fca,SITEMAP_PRESENT_ON_CURRENT_MAIN,NOT_LIVE_READBACK_THIS_BATCH,NOT_OBSERVED_IN_RETURNED_ROWS,,,,,LANGUAGE_OWNER_REVIEW,UNKNOWN_NO_URL_INSPECTION,ACCESS_GAP_NO_CONNECTED_GA4,UNOBSERVED_GOVERNED_LEDGER,PENDING_EVIDENCE,No page row in returned GSC top set; absence here is not zero impressions or proof of non-indexation.,URL Inspection when access returns or next finalized GSC + business-role review
https://hermeslogisticsus.com/fr/logistique/,sitemap.xml,localization,cross,localized owner,2026-09-16,RECENT_14D_AT_GSC_END,51f5544a754d79ca0b2af897c608ad85016a2fca,SITEMAP_PRESENT_ON_CURRENT_MAIN,NOT_LIVE_READBACK_THIS_BATCH,NOT_OBSERVED_IN_RETURNED_ROWS,,,,,LANGUAGE_OWNER_REVIEW,UNKNOWN_NO_URL_INSPECTION,ACCESS_GAP_NO_CONNECTED_GA4,UNOBSERVED_GOVERNED_LEDGER,PENDING_EVIDENCE,No page row in returned GSC top set; absence here is not zero impressions or proof of non-indexation.,URL Inspection when access returns or next finalized GSC + business-role review
https://hermeslogisticsus.com/fr/marketing/,sitemap.xml,localization,marketing,localized owner,2026-09-16,RECENT_14D_AT_GSC_END,51f5544a754d79ca0b2af897c608ad85016a2fca,SITEMAP_PRESENT_ON_CURRENT_MAIN,NOT_LIVE_READBACK_THIS_BATCH,NOT_OBSERVED_IN_RETURNED_ROWS,,,,,LANGUAGE_OWNER_REVIEW,UNKNOWN_NO_URL_INSPECTION,ACCESS_GAP_NO_CONNECTED_GA4,UNOBSERVED_GOVERNED_LEDGER,PENDING_EVIDENCE,No page row in returned GSC top set; absence here is not zero impressions or proof of non-indexation.,URL Inspection when access returns or next finalized GSC + business-role review
https://hermeslogisticsus.com/fr/technologie/,sitemap.xml,localization,cross,localized owner,2026-09-16,RECENT_14D_AT_GSC_END,51f5544a754d79ca0b2af897c608ad85016a2fca,SITEMAP_PRESENT_ON_CURRENT_MAIN,NOT_LIVE_READBACK_THIS_BATCH,NOT_OBSERVED_IN_RETURNED_ROWS,,,,,LANGUAGE_OWNER_REVIEW,UNKNOWN_NO_URL_INSPECTION,ACCESS_GAP_NO_CONNECTED_GA4,UNOBSERVED_GOVERNED_LEDGER,PENDING_EVIDENCE,No page row in returned GSC top set; absence here is not zero impressions or proof of non-indexation.,URL Inspection when access returns or next finalized GSC + business-role review
https://hermeslogisticsus.com/it/,sitemap.xml,localization,cross,localized owner,2026-09-15,RECENT_14D_AT_GSC_END,51f5544a754d79ca0b2af897c608ad85016a2fca,SITEMAP_PRESENT_ON_CURRENT_MAIN,NOT_LIVE_READBACK_THIS_BATCH,PAGE_ROW_OBSERVED,5,0,3.8,,LANGUAGE_OWNER_REVIEW,UNKNOWN_NO_URL_INSPECTION,ACCESS_GAP_NO_CONNECTED_GA4,UNOBSERVED_GOVERNED_LEDGER,PENDING_EVIDENCE,Authenticated page row exists but sample is small or role-specific; no destructive decision.,URL Inspection when access returns or next finalized GSC + business-role review
https://hermeslogisticsus.com/it/academy/,sitemap.xml,localization,academy,localized owner,2026-09-16,RECENT_14D_AT_GSC_END,51f5544a754d79ca0b2af897c608ad85016a2fca,SITEMAP_PRESENT_ON_CURRENT_MAIN,NOT_LIVE_READBACK_THIS_BATCH,NOT_OBSERVED_IN_RETURNED_ROWS,,,,,LANGUAGE_OWNER_REVIEW,UNKNOWN_NO_URL_INSPECTION,ACCESS_GAP_NO_CONNECTED_GA4,UNOBSERVED_GOVERNED_LEDGER,PENDING_EVIDENCE,No page row in returned GSC top set; absence here is not zero impressions or proof of non-indexation.,URL Inspection when access returns or next finalized GSC + business-role review
https://hermeslogisticsus.com/it/logistica/,sitemap.xml,localization,cross,localized owner,2026-09-16,RECENT_14D_AT_GSC_END,51f5544a754d79ca0b2af897c608ad85016a2fca,SITEMAP_PRESENT_ON_CURRENT_MAIN,NOT_LIVE_READBACK_THIS_BATCH,NOT_OBSERVED_IN_RETURNED_ROWS,,,,,LANGUAGE_OWNER_REVIEW,UNKNOWN_NO_URL_INSPECTION,ACCESS_GAP_NO_CONNECTED_GA4,UNOBSERVED_GOVERNED_LEDGER,PENDING_EVIDENCE,No page row in returned GSC top set; absence here is not zero impressions or proof of non-indexation.,URL Inspection when access returns or next finalized GSC + business-role review
https://hermeslogisticsus.com/it/marketing/,sitemap.xml,localization,marketing,localized owner,2026-09-16,RECENT_14D_AT_GSC_END,51f5544a754d79ca0b2af897c608ad85016a2fca,SITEMAP_PRESENT_ON_CURRENT_MAIN,NOT_LIVE_READBACK_THIS_BATCH,NOT_OBSERVED_IN_RETURNED_ROWS,,,,,LANGUAGE_OWNER_REVIEW,UNKNOWN_NO_URL_INSPECTION,ACCESS_GAP_NO_CONNECTED_GA4,UNOBSERVED_GOVERNED_LEDGER,PENDING_EVIDENCE,No page row in returned GSC top set; absence here is not zero impressions or proof of non-indexation.,URL Inspection when access returns or next finalized GSC + business-role review
https://hermeslogisticsus.com/it/tecnologia/,sitemap.xml,localization,cross,localized owner,2026-09-16,RECENT_14D_AT_GSC_END,51f5544a754d79ca0b2af897c608ad85016a2fca,SITEMAP_PRESENT_ON_CURRENT_MAIN,NOT_LIVE_READBACK_THIS_BATCH,NOT_OBSERVED_IN_RETURNED_ROWS,,,,,LANGUAGE_OWNER_REVIEW,UNKNOWN_NO_URL_INSPECTION,ACCESS_GAP_NO_CONNECTED_GA4,UNOBSERVED_GOVERNED_LEDGER,PENDING_EVIDENCE,No page row in returned GSC top set; absence here is not zero impressions or proof of non-indexation.,URL Inspection when access returns or next finalized GSC + business-role review
https://hermeslogisticsus.com/load-board/,sitemap.xml,core_money,logistics,commercial/service owner,2026-09-20,RECENT_14D_AT_GSC_END,51f5544a754d79ca0b2af897c608ad85016a2fca,SITEMAP_PRESENT_ON_CURRENT_MAIN,LIVE_200_FORCED_FETCH_2026-09-26,PAGE_ROW_OBSERVED,33,0,77.78787878787878,8,ESTABLISHED_CANONICAL_OWNER,UNKNOWN_NO_URL_INSPECTION,ACCESS_GAP_NO_CONNECTED_GA4,UNOBSERVED_GOVERNED_LEDGER,IMPROVE,Current canonical owner / entity role preserved; change only from specific evidence.,Comparable query×page evidence + qualified-action evidence before bounded change
https://hermeslogisticsus.com/load-board/equipment/box-truck/,sitemap.xml,core_money,logistics,commercial/service owner,2026-09-11,RECENT_14D_AT_GSC_END,51f5544a754d79ca0b2af897c608ad85016a2fca,SITEMAP_PRESENT_ON_CURRENT_MAIN,NOT_LIVE_READBACK_THIS_BATCH,NOT_OBSERVED_IN_RETURNED_ROWS,,,,,COMMERCIAL_INTENT_REVIEW,UNKNOWN_NO_URL_INSPECTION,ACCESS_GAP_NO_CONNECTED_GA4,UNOBSERVED_GOVERNED_LEDGER,PENDING_EVIDENCE,No page row in returned GSC top set; absence here is not zero impressions or proof of non-indexation.,URL Inspection when access returns or next finalized GSC + business-role review
https://hermeslogisticsus.com/load-board/equipment/car-hauler/,sitemap.xml,core_money,logistics,commercial/service owner,2026-09-20,RECENT_14D_AT_GSC_END,51f5544a754d79ca0b2af897c608ad85016a2fca,SITEMAP_PRESENT_ON_CURRENT_MAIN,NOT_LIVE_READBACK_THIS_BATCH,NOT_OBSERVED_IN_RETURNED_ROWS,,,,,COMMERCIAL_INTENT_REVIEW,UNKNOWN_NO_URL_INSPECTION,ACCESS_GAP_NO_CONNECTED_GA4,UNOBSERVED_GOVERNED_LEDGER,PENDING_EVIDENCE,No page row in returned GSC top set; absence here is not zero impressions or proof of non-indexation.,URL Inspection when access returns or next finalized GSC + business-role review
https://hermeslogisticsus.com/load-board/equipment/dry-van/,sitemap.xml,core_money,logistics,commercial/service owner,2026-09-11,RECENT_14D_AT_GSC_END,51f5544a754d79ca0b2af897c608ad85016a2fca,SITEMAP_PRESENT_ON_CURRENT_MAIN,NOT_LIVE_READBACK_THIS_BATCH,NOT_OBSERVED_IN_RETURNED_ROWS,,,,,COMMERCIAL_INTENT_REVIEW,UNKNOWN_NO_URL_INSPECTION,ACCESS_GAP_NO_CONNECTED_GA4,UNOBSERVED_GOVERNED_LEDGER,PENDING_EVIDENCE,No page row in returned GSC top set; absence here is not zero impressions or proof of non-indexation.,URL Inspection when access returns or next finalized GSC + business-role review
https://hermeslogisticsus.com/load-board/equipment/flatbed/,sitemap.xml,core_money,logistics,commercial/service owner,2026-09-11,RECENT_14D_AT_GSC_END,51f5544a754d79ca0b2af897c608ad85016a2fca,SITEMAP_PRESENT_ON_CURRENT_MAIN,NOT_LIVE_READBACK_THIS_BATCH,NOT_OBSERVED_IN_RETURNED_ROWS,,,,,COMMERCIAL_INTENT_REVIEW,UNKNOWN_NO_URL_INSPECTION,ACCESS_GAP_NO_CONNECTED_GA4,UNOBSERVED_GOVERNED_LEDGER,PENDING_EVIDENCE,No page row in returned GSC top set; absence here is not zero impressions or proof of non-indexation.,URL Inspection when access returns or next finalized GSC + business-role review
https://hermeslogisticsus.com/load-board/equipment/hotshot/,sitemap.xml,core_money,logistics,commercial/service owner,2026-09-11,RECENT_14D_AT_GSC_END,51f5544a754d79ca0b2af897c608ad85016a2fca,SITEMAP_PRESENT_ON_CURRENT_MAIN,NOT_LIVE_READBACK_THIS_BATCH,NOT_OBSERVED_IN_RETURNED_ROWS,,,,,COMMERCIAL_INTENT_REVIEW,UNKNOWN_NO_URL_INSPECTION,ACCESS_GAP_NO_CONNECTED_GA4,UNOBSERVED_GOVERNED_LEDGER,PENDING_EVIDENCE,No page row in returned GSC top set; absence here is not zero impressions or proof of non-indexation.,URL Inspection when access returns or next finalized GSC + business-role review
https://hermeslogisticsus.com/load-board/equipment/power-only/,sitemap.xml,core_money,logistics,commercial/service owner,2026-09-11,RECENT_14D_AT_GSC_END,51f5544a754d79ca0b2af897c608ad85016a2fca,SITEMAP_PRESENT_ON_CURRENT_MAIN,NOT_LIVE_READBACK_THIS_BATCH,NOT_OBSERVED_IN_RETURNED_ROWS,,,,,COMMERCIAL_INTENT_REVIEW,UNKNOWN_NO_URL_INSPECTION,ACCESS_GAP_NO_CONNECTED_GA4,UNOBSERVED_GOVERNED_LEDGER,PENDING_EVIDENCE,No page row in returned GSC top set; absence here is not zero impressions or proof of non-indexation.,URL Inspection when access returns or next finalized GSC + business-role review
https://hermeslogisticsus.com/load-board/equipment/reefer/,sitemap.xml,core_money,logistics,commercial/service owner,2026-09-11,RECENT_14D_AT_GSC_END,51f5544a754d79ca0b2af897c608ad85016a2fca,SITEMAP_PRESENT_ON_CURRENT_MAIN,NOT_LIVE_READBACK_THIS_BATCH,NOT_OBSERVED_IN_RETURNED_ROWS,,,,,COMMERCIAL_INTENT_REVIEW,UNKNOWN_NO_URL_INSPECTION,ACCESS_GAP_NO_CONNECTED_GA4,UNOBSERVED_GOVERNED_LEDGER,PENDING_EVIDENCE,No page row in returned GSC top set; absence here is not zero impressions or proof of non-indexation.,URL Inspection when access returns or next finalized GSC + business-role review
https://hermeslogisticsus.com/load-board/equipment/step-deck/,sitemap.xml,core_money,logistics,commercial/service owner,2026-09-11,RECENT_14D_AT_GSC_END,51f5544a754d79ca0b2af897c608ad85016a2fca,SITEMAP_PRESENT_ON_CURRENT_MAIN,NOT_LIVE_READBACK_THIS_BATCH,NOT_OBSERVED_IN_RETURNED_ROWS,,,,,COMMERCIAL_INTENT_REVIEW,UNKNOWN_NO_URL_INSPECTION,ACCESS_GAP_NO_CONNECTED_GA4,UNOBSERVED_GOVERNED_LEDGER,PENDING_EVIDENCE,No page row in returned GSC top set; absence here is not zero impressions or proof of non-indexation.,URL Inspection when access returns or next finalized GSC + business-role review
https://hermeslogisticsus.com/load-board/providers/123loadboard/,sitemap.xml,core_money,logistics,commercial/service owner,2026-09-11,RECENT_14D_AT_GSC_END,51f5544a754d79ca0b2af897c608ad85016a2fca,SITEMAP_PRESENT_ON_CURRENT_MAIN,NOT_LIVE_READBACK_THIS_BATCH,NOT_OBSERVED_IN_RETURNED_ROWS,,,,,COMMERCIAL_INTENT_REVIEW,UNKNOWN_NO_URL_INSPECTION,ACCESS_GAP_NO_CONNECTED_GA4,UNOBSERVED_GOVERNED_LEDGER,PENDING_EVIDENCE,No page row in returned GSC top set; absence here is not zero impressions or proof of non-indexation.,URL Inspection when access returns or next finalized GSC + business-role review
https://hermeslogisticsus.com/load-board/providers/central-dispatch/,sitemap.xml,core_money,logistics,commercial/service owner,2026-09-11,RECENT_14D_AT_GSC_END,51f5544a754d79ca0b2af897c608ad85016a2fca,SITEMAP_PRESENT_ON_CURRENT_MAIN,NOT_LIVE_READBACK_THIS_BATCH,NOT_OBSERVED_IN_RETURNED_ROWS,,,,,COMMERCIAL_INTENT_REVIEW,UNKNOWN_NO_URL_INSPECTION,ACCESS_GAP_NO_CONNECTED_GA4,UNOBSERVED_GOVERNED_LEDGER,PENDING_EVIDENCE,No page row in returned GSC top set; absence here is not zero impressions or proof of non-indexation.,URL Inspection when access returns or next finalized GSC + business-role review
https://hermeslogisticsus.com/load-board/providers/dat/,sitemap.xml,core_money,logistics,commercial/service owner,2026-09-11,RECENT_14D_AT_GSC_END,51f5544a754d79ca0b2af897c608ad85016a2fca,SITEMAP_PRESENT_ON_CURRENT_MAIN,NOT_LIVE_READBACK_THIS_BATCH,NOT_OBSERVED_IN_RETURNED_ROWS,,,,,COMMERCIAL_INTENT_REVIEW,UNKNOWN_NO_URL_INSPECTION,ACCESS_GAP_NO_CONNECTED_GA4,UNOBSERVED_GOVERNED_LEDGER,PENDING_EVIDENCE,No page row in returned GSC top set; absence here is not zero impressions or proof of non-indexation.,URL Inspection when access returns or next finalized GSC + business-role review
https://hermeslogisticsus.com/load-board/providers/direct-freight/,sitemap.xml,core_money,logistics,commercial/service owner,2026-09-11,RECENT_14D_AT_GSC_END,51f5544a754d79ca0b2af897c608ad85016a2fca,SITEMAP_PRESENT_ON_CURRENT_MAIN,NOT_LIVE_READBACK_THIS_BATCH,NOT_OBSERVED_IN_RETURNED_ROWS,,,,,COMMERCIAL_INTENT_REVIEW,UNKNOWN_NO_URL_INSPECTION,ACCESS_GAP_NO_CONNECTED_GA4,UNOBSERVED_GOVERNED_LEDGER,PENDING_EVIDENCE,No page row in returned GSC top set; absence here is not zero impressions or proof of non-indexation.,URL Inspection when access returns or next finalized GSC + business-role review
https://hermeslogisticsus.com/load-board/providers/ship-cars/,sitemap.xml,core_money,logistics,commercial/service owner,2026-09-11,RECENT_14D_AT_GSC_END,51f5544a754d79ca0b2af897c608ad85016a2fca,SITEMAP_PRESENT_ON_CURRENT_MAIN,NOT_LIVE_READBACK_THIS_BATCH,NOT_OBSERVED_IN_RETURNED_ROWS,,,,,COMMERCIAL_INTENT_REVIEW,UNKNOWN_NO_URL_INSPECTION,ACCESS_GAP_NO_CONNECTED_GA4,UNOBSERVED_GOVERNED_LEDGER,PENDING_EVIDENCE,No page row in returned GSC top set; absence here is not zero impressions or proof of non-indexation.,URL Inspection when access returns or next finalized GSC + business-role review
https://hermeslogisticsus.com/load-board/providers/super-dispatch/,sitemap.xml,core_money,logistics,commercial/service owner,2026-09-11,RECENT_14D_AT_GSC_END,51f5544a754d79ca0b2af897c608ad85016a2fca,SITEMAP_PRESENT_ON_CURRENT_MAIN,NOT_LIVE_READBACK_THIS_BATCH,NOT_OBSERVED_IN_RETURNED_ROWS,,,,,COMMERCIAL_INTENT_REVIEW,UNKNOWN_NO_URL_INSPECTION,ACCESS_GAP_NO_CONNECTED_GA4,UNOBSERVED_GOVERNED_LEDGER,PENDING_EVIDENCE,No page row in returned GSC top set; absence here is not zero impressions or proof of non-indexation.,URL Inspection when access returns or next finalized GSC + business-role review
https://hermeslogisticsus.com/load-board/providers/truckstop/,sitemap.xml,core_money,logistics,commercial/service owner,2026-09-11,RECENT_14D_AT_GSC_END,51f5544a754d79ca0b2af897c608ad85016a2fca,SITEMAP_PRESENT_ON_CURRENT_MAIN,NOT_LIVE_READBACK_THIS_BATCH,NOT_OBSERVED_IN_RETURNED_ROWS,,,,,COMMERCIAL_INTENT_REVIEW,UNKNOWN_NO_URL_INSPECTION,ACCESS_GAP_NO_CONNECTED_GA4,UNOBSERVED_GOVERNED_LEDGER,PENDING_EVIDENCE,No page row in returned GSC top set; absence here is not zero impressions or proof of non-indexation.,URL Inspection when access returns or next finalized GSC + business-role review
https://hermeslogisticsus.com/logistics/agency/,sitemap.xml,core_money,logistics,commercial/service owner,2026-07-18,PRE_WINDOW_VERSION,51f5544a754d79ca0b2af897c608ad85016a2fca,SITEMAP_PRESENT_ON_CURRENT_MAIN,NOT_LIVE_READBACK_THIS_BATCH,PAGE_ROW_OBSERVED,1,0,2,1,COMMERCIAL_INTENT_REVIEW,UNKNOWN_NO_URL_INSPECTION,ACCESS_GAP_NO_CONNECTED_GA4,UNOBSERVED_GOVERNED_LEDGER,PENDING_EVIDENCE,Only partial returned query×page evidence exists; full page/index/outcome evidence is incomplete.,URL Inspection when access returns or next finalized GSC + business-role review
https://hermeslogisticsus.com/logistics/appleton-wi-vehicle-transport/,sitemap.xml,core_money,logistics,commercial/service owner,2026-07-29,PRE_WINDOW_VERSION,51f5544a754d79ca0b2af897c608ad85016a2fca,SITEMAP_PRESENT_ON_CURRENT_MAIN,NOT_LIVE_READBACK_THIS_BATCH,QUERY_PAGE_ROWS_PARTIAL,3,0,47,2,COMMERCIAL_INTENT_REVIEW,UNKNOWN_NO_URL_INSPECTION,ACCESS_GAP_NO_CONNECTED_GA4,UNOBSERVED_GOVERNED_LEDGER,PENDING_EVIDENCE,Only partial returned query×page evidence exists; full page/index/outcome evidence is incomplete.,URL Inspection when access returns or next finalized GSC + business-role review
https://hermeslogisticsus.com/logistics/apply/,sitemap.xml,core_money,logistics,commercial/service owner,2026-08-14,PRE_WINDOW_VERSION,51f5544a754d79ca0b2af897c608ad85016a2fca,SITEMAP_PRESENT_ON_CURRENT_MAIN,NOT_LIVE_READBACK_THIS_BATCH,NOT_OBSERVED_IN_RETURNED_ROWS,,,,,COMMERCIAL_INTENT_REVIEW,UNKNOWN_NO_URL_INSPECTION,ACCESS_GAP_NO_CONNECTED_GA4,UNOBSERVED_GOVERNED_LEDGER,PENDING_EVIDENCE,No page row in returned GSC top set; absence here is not zero impressions or proof of non-indexation.,URL Inspection when access returns or next finalized GSC + business-role review
https://hermeslogisticsus.com/logistics/broker/,sitemap.xml,core_money,logistics,commercial/service owner,2026-07-18,PRE_WINDOW_VERSION,51f5544a754d79ca0b2af897c608ad85016a2fca,SITEMAP_PRESENT_ON_CURRENT_MAIN,NOT_LIVE_READBACK_THIS_BATCH,NOT_OBSERVED_IN_RETURNED_ROWS,,,,,COMMERCIAL_INTENT_REVIEW,UNKNOWN_NO_URL_INSPECTION,ACCESS_GAP_NO_CONNECTED_GA4,UNOBSERVED_GOVERNED_LEDGER,PENDING_EVIDENCE,No page row in returned GSC top set; absence here is not zero impressions or proof of non-indexation.,URL Inspection when access returns or next finalized GSC + business-role review
https://hermeslogisticsus.com/logistics/careers/,sitemap.xml,core_money,logistics,commercial/service owner,2026-08-14,PRE_WINDOW_VERSION,51f5544a754d79ca0b2af897c608ad85016a2fca,SITEMAP_PRESENT_ON_CURRENT_MAIN,NOT_LIVE_READBACK_THIS_BATCH,QUERY_PAGE_ROWS_PARTIAL,1,0,1,1,COMMERCIAL_INTENT_REVIEW,UNKNOWN_NO_URL_INSPECTION,ACCESS_GAP_NO_CONNECTED_GA4,UNOBSERVED_GOVERNED_LEDGER,PENDING_EVIDENCE,Only partial returned query×page evidence exists; full page/index/outcome evidence is incomplete.,URL Inspection when access returns or next finalized GSC + business-role review
https://hermeslogisticsus.com/logistics/carrier/,sitemap.xml,core_money,logistics,commercial/service owner,2026-07-18,PRE_WINDOW_VERSION,51f5544a754d79ca0b2af897c608ad85016a2fca,SITEMAP_PRESENT_ON_CURRENT_MAIN,NOT_LIVE_READBACK_THIS_BATCH,QUERY_PAGE_ROWS_PARTIAL,2,0,60,1,COMMERCIAL_INTENT_REVIEW,UNKNOWN_NO_URL_INSPECTION,ACCESS_GAP_NO_CONNECTED_GA4,UNOBSERVED_GOVERNED_LEDGER,PENDING_EVIDENCE,Only partial returned query×page evidence exists; full page/index/outcome evidence is incomplete.,URL Inspection when access returns or next finalized GSC + business-role review
https://hermeslogisticsus.com/logistics/resources/auction-vehicle-pickup-checklist/,sitemap.xml,supporting_authority,logistics,authority/evidence,2026-07-29,PRE_WINDOW_VERSION,51f5544a754d79ca0b2af897c608ad85016a2fca,SITEMAP_PRESENT_ON_CURRENT_MAIN,NOT_LIVE_READBACK_THIS_BATCH,NOT_OBSERVED_IN_RETURNED_ROWS,,,,,SUPPORTING_ROLE_REVIEW,UNKNOWN_NO_URL_INSPECTION,ACCESS_GAP_NO_CONNECTED_GA4,UNOBSERVED_GOVERNED_LEDGER,PENDING_EVIDENCE,No page row in returned GSC top set; absence here is not zero impressions or proof of non-indexation.,Entity/authority/usefulness evidence + next finalized search window
https://hermeslogisticsus.com/logistics/resources/car-hauler-capacity-checklist/,sitemap.xml,supporting_authority,logistics,authority/evidence,2026-07-29,PRE_WINDOW_VERSION,51f5544a754d79ca0b2af897c608ad85016a2fca,SITEMAP_PRESENT_ON_CURRENT_MAIN,NOT_LIVE_READBACK_THIS_BATCH,NOT_OBSERVED_IN_RETURNED_ROWS,,,,,SUPPORTING_ROLE_REVIEW,UNKNOWN_NO_URL_INSPECTION,ACCESS_GAP_NO_CONNECTED_GA4,UNOBSERVED_GOVERNED_LEDGER,PENDING_EVIDENCE,No page row in returned GSC top set; absence here is not zero impressions or proof of non-indexation.,Entity/authority/usefulness evidence + next finalized search window
https://hermeslogisticsus.com/logistics/shipper-dealer/,sitemap.xml,core_money,logistics,commercial/service owner,2026-07-18,PRE_WINDOW_VERSION,51f5544a754d79ca0b2af897c608ad85016a2fca,SITEMAP_PRESENT_ON_CURRENT_MAIN,NOT_LIVE_READBACK_THIS_BATCH,NOT_OBSERVED_IN_RETURNED_ROWS,,,,,COMMERCIAL_INTENT_REVIEW,UNKNOWN_NO_URL_INSPECTION,ACCESS_GAP_NO_CONNECTED_GA4,UNOBSERVED_GOVERNED_LEDGER,PENDING_EVIDENCE,No page row in returned GSC top set; absence here is not zero impressions or proof of non-indexation.,URL Inspection when access returns or next finalized GSC + business-role review
https://hermeslogisticsus.com/paths/academy/,sitemap.xml,core_money,academy,commercial/service owner,2026-09-16,RECENT_14D_AT_GSC_END,51f5544a754d79ca0b2af897c608ad85016a2fca,SITEMAP_PRESENT_ON_CURRENT_MAIN,NOT_LIVE_READBACK_THIS_BATCH,NOT_OBSERVED_IN_RETURNED_ROWS,,,,,COMMERCIAL_INTENT_REVIEW,UNKNOWN_NO_URL_INSPECTION,ACCESS_GAP_NO_CONNECTED_GA4,UNOBSERVED_GOVERNED_LEDGER,PENDING_EVIDENCE,No page row in returned GSC top set; absence here is not zero impressions or proof of non-indexation.,URL Inspection when access returns or next finalized GSC + business-role review
https://hermeslogisticsus.com/paths/logistics/,sitemap.xml,core_money,logistics,commercial/service owner,2026-09-16,RECENT_14D_AT_GSC_END,51f5544a754d79ca0b2af897c608ad85016a2fca,SITEMAP_PRESENT_ON_CURRENT_MAIN,NOT_LIVE_READBACK_THIS_BATCH,PAGE_ROW_OBSERVED,9,1,19.444444444444443,1,COMMERCIAL_INTENT_REVIEW,UNKNOWN_NO_URL_INSPECTION,ACCESS_GAP_NO_CONNECTED_GA4,UNOBSERVED_GOVERNED_LEDGER,KEEP,Authenticated page row has current clicks; preserve owner and measure downstream value.,URL Inspection when access returns or next finalized GSC + business-role review
https://hermeslogisticsus.com/paths/logistics/agency-partners/,sitemap.xml,core_money,logistics,commercial/service owner,2026-07-29,PRE_WINDOW_VERSION,51f5544a754d79ca0b2af897c608ad85016a2fca,SITEMAP_PRESENT_ON_CURRENT_MAIN,NOT_LIVE_READBACK_THIS_BATCH,NOT_OBSERVED_IN_RETURNED_ROWS,,,,,COMMERCIAL_INTENT_REVIEW,UNKNOWN_NO_URL_INSPECTION,ACCESS_GAP_NO_CONNECTED_GA4,UNOBSERVED_GOVERNED_LEDGER,PENDING_EVIDENCE,No page row in returned GSC top set; absence here is not zero impressions or proof of non-indexation.,URL Inspection when access returns or next finalized GSC + business-role review
https://hermeslogisticsus.com/paths/logistics/brokers/carrier-capacity/,sitemap.xml,core_money,logistics,commercial/service owner,2026-07-29,PRE_WINDOW_VERSION,51f5544a754d79ca0b2af897c608ad85016a2fca,SITEMAP_PRESENT_ON_CURRENT_MAIN,NOT_LIVE_READBACK_THIS_BATCH,NOT_OBSERVED_IN_RETURNED_ROWS,,,,,COMMERCIAL_INTENT_REVIEW,UNKNOWN_NO_URL_INSPECTION,ACCESS_GAP_NO_CONNECTED_GA4,UNOBSERVED_GOVERNED_LEDGER,PENDING_EVIDENCE,No page row in returned GSC top set; absence here is not zero impressions or proof of non-indexation.,URL Inspection when access returns or next finalized GSC + business-role review
https://hermeslogisticsus.com/paths/logistics/carriers/direct-freight-development/,sitemap.xml,core_money,logistics,commercial/service owner,2026-07-29,PRE_WINDOW_VERSION,51f5544a754d79ca0b2af897c608ad85016a2fca,SITEMAP_PRESENT_ON_CURRENT_MAIN,NOT_LIVE_READBACK_THIS_BATCH,NOT_OBSERVED_IN_RETURNED_ROWS,,,,,COMMERCIAL_INTENT_REVIEW,UNKNOWN_NO_URL_INSPECTION,ACCESS_GAP_NO_CONNECTED_GA4,UNOBSERVED_GOVERNED_LEDGER,PENDING_EVIDENCE,No page row in returned GSC top set; absence here is not zero impressions or proof of non-indexation.,URL Inspection when access returns or next finalized GSC + business-role review
https://hermeslogisticsus.com/paths/logistics/carriers/fleet-owners/,sitemap.xml,core_money,logistics,commercial/service owner,2026-07-29,PRE_WINDOW_VERSION,51f5544a754d79ca0b2af897c608ad85016a2fca,SITEMAP_PRESENT_ON_CURRENT_MAIN,NOT_LIVE_READBACK_THIS_BATCH,NOT_OBSERVED_IN_RETURNED_ROWS,,,,,COMMERCIAL_INTENT_REVIEW,UNKNOWN_NO_URL_INSPECTION,ACCESS_GAP_NO_CONNECTED_GA4,UNOBSERVED_GOVERNED_LEDGER,PENDING_EVIDENCE,No page row in returned GSC top set; absence here is not zero impressions or proof of non-indexation.,URL Inspection when access returns or next finalized GSC + business-role review
https://hermeslogisticsus.com/paths/logistics/carriers/new-authority/,sitemap.xml,core_money,logistics,commercial/service owner,2026-07-29,PRE_WINDOW_VERSION,51f5544a754d79ca0b2af897c608ad85016a2fca,SITEMAP_PRESENT_ON_CURRENT_MAIN,NOT_LIVE_READBACK_THIS_BATCH,NOT_OBSERVED_IN_RETURNED_ROWS,,,,,COMMERCIAL_INTENT_REVIEW,UNKNOWN_NO_URL_INSPECTION,ACCESS_GAP_NO_CONNECTED_GA4,UNOBSERVED_GOVERNED_LEDGER,PENDING_EVIDENCE,No page row in returned GSC top set; absence here is not zero impressions or proof of non-indexation.,URL Inspection when access returns or next finalized GSC + business-role review
https://hermeslogisticsus.com/paths/logistics/carriers/owner-operators/,sitemap.xml,core_money,logistics,commercial/service owner,2026-07-29,PRE_WINDOW_VERSION,51f5544a754d79ca0b2af897c608ad85016a2fca,SITEMAP_PRESENT_ON_CURRENT_MAIN,NOT_LIVE_READBACK_THIS_BATCH,NOT_OBSERVED_IN_RETURNED_ROWS,,,,,COMMERCIAL_INTENT_REVIEW,UNKNOWN_NO_URL_INSPECTION,ACCESS_GAP_NO_CONNECTED_GA4,UNOBSERVED_GOVERNED_LEDGER,PENDING_EVIDENCE,No page row in returned GSC top set; absence here is not zero impressions or proof of non-indexation.,URL Inspection when access returns or next finalized GSC + business-role review
https://hermeslogisticsus.com/paths/logistics/carriers/trusted-carrier-network/,sitemap.xml,core_money,logistics,commercial/service owner,2026-07-29,PRE_WINDOW_VERSION,51f5544a754d79ca0b2af897c608ad85016a2fca,SITEMAP_PRESENT_ON_CURRENT_MAIN,NOT_LIVE_READBACK_THIS_BATCH,NOT_OBSERVED_IN_RETURNED_ROWS,,,,,COMMERCIAL_INTENT_REVIEW,UNKNOWN_NO_URL_INSPECTION,ACCESS_GAP_NO_CONNECTED_GA4,UNOBSERVED_GOVERNED_LEDGER,PENDING_EVIDENCE,No page row in returned GSC top set; absence here is not zero impressions or proof of non-indexation.,URL Inspection when access returns or next finalized GSC + business-role review
https://hermeslogisticsus.com/paths/logistics/customers/luxury-classic-vehicle/,sitemap.xml,core_money,logistics,commercial/service owner,2026-07-29,PRE_WINDOW_VERSION,51f5544a754d79ca0b2af897c608ad85016a2fca,SITEMAP_PRESENT_ON_CURRENT_MAIN,NOT_LIVE_READBACK_THIS_BATCH,NOT_OBSERVED_IN_RETURNED_ROWS,,,,,COMMERCIAL_INTENT_REVIEW,UNKNOWN_NO_URL_INSPECTION,ACCESS_GAP_NO_CONNECTED_GA4,UNOBSERVED_GOVERNED_LEDGER,PENDING_EVIDENCE,No page row in returned GSC top set; absence here is not zero impressions or proof of non-indexation.,URL Inspection when access returns or next finalized GSC + business-role review
https://hermeslogisticsus.com/paths/logistics/customers/port-pickup/,sitemap.xml,core_money,logistics,commercial/service owner,2026-07-29,PRE_WINDOW_VERSION,51f5544a754d79ca0b2af897c608ad85016a2fca,SITEMAP_PRESENT_ON_CURRENT_MAIN,NOT_LIVE_READBACK_THIS_BATCH,QUERY_PAGE_ROWS_PARTIAL,2,0,74.5,1,COMMERCIAL_INTENT_REVIEW,UNKNOWN_NO_URL_INSPECTION,ACCESS_GAP_NO_CONNECTED_GA4,UNOBSERVED_GOVERNED_LEDGER,PENDING_EVIDENCE,Only partial returned query×page evidence exists; full page/index/outcome evidence is incomplete.,URL Inspection when access returns or next finalized GSC + business-role review
https://hermeslogisticsus.com/paths/logistics/customers/vehicle-transport/,sitemap.xml,core_money,logistics,commercial/service owner,2026-07-29,PRE_WINDOW_VERSION,51f5544a754d79ca0b2af897c608ad85016a2fca,SITEMAP_PRESENT_ON_CURRENT_MAIN,NOT_LIVE_READBACK_THIS_BATCH,NOT_OBSERVED_IN_RETURNED_ROWS,,,,,COMMERCIAL_INTENT_REVIEW,UNKNOWN_NO_URL_INSPECTION,ACCESS_GAP_NO_CONNECTED_GA4,UNOBSERVED_GOVERNED_LEDGER,PENDING_EVIDENCE,No page row in returned GSC top set; absence here is not zero impressions or proof of non-indexation.,URL Inspection when access returns or next finalized GSC + business-role review
https://hermeslogisticsus.com/paths/logistics/drivers/,sitemap.xml,core_money,logistics,commercial/service owner,2026-07-29,PRE_WINDOW_VERSION,51f5544a754d79ca0b2af897c608ad85016a2fca,SITEMAP_PRESENT_ON_CURRENT_MAIN,NOT_LIVE_READBACK_THIS_BATCH,NOT_OBSERVED_IN_RETURNED_ROWS,,,,,COMMERCIAL_INTENT_REVIEW,UNKNOWN_NO_URL_INSPECTION,ACCESS_GAP_NO_CONNECTED_GA4,UNOBSERVED_GOVERNED_LEDGER,PENDING_EVIDENCE,No page row in returned GSC top set; absence here is not zero impressions or proof of non-indexation.,URL Inspection when access returns or next finalized GSC + business-role review
https://hermeslogisticsus.com/paths/logistics/find-your-path/,sitemap.xml,core_money,logistics,commercial/service owner,2026-07-29,PRE_WINDOW_VERSION,51f5544a754d79ca0b2af897c608ad85016a2fca,SITEMAP_PRESENT_ON_CURRENT_MAIN,NOT_LIVE_READBACK_THIS_BATCH,NOT_OBSERVED_IN_RETURNED_ROWS,,,,,COMMERCIAL_INTENT_REVIEW,UNKNOWN_NO_URL_INSPECTION,ACCESS_GAP_NO_CONNECTED_GA4,UNOBSERVED_GOVERNED_LEDGER,PENDING_EVIDENCE,No page row in returned GSC top set; absence here is not zero impressions or proof of non-indexation.,URL Inspection when access returns or next finalized GSC + business-role review
https://hermeslogisticsus.com/paths/logistics/guidance/,sitemap.xml,core_money,logistics,commercial/service owner,2026-07-29,PRE_WINDOW_VERSION,51f5544a754d79ca0b2af897c608ad85016a2fca,SITEMAP_PRESENT_ON_CURRENT_MAIN,NOT_LIVE_READBACK_THIS_BATCH,NOT_OBSERVED_IN_RETURNED_ROWS,,,,,COMMERCIAL_INTENT_REVIEW,UNKNOWN_NO_URL_INSPECTION,ACCESS_GAP_NO_CONNECTED_GA4,UNOBSERVED_GOVERNED_LEDGER,PENDING_EVIDENCE,No page row in returned GSC top set; absence here is not zero impressions or proof of non-indexation.,URL Inspection when access returns or next finalized GSC + business-role review
https://hermeslogisticsus.com/paths/logistics/shippers-dealers/,sitemap.xml,core_money,logistics,commercial/service owner,2026-07-29,PRE_WINDOW_VERSION,51f5544a754d79ca0b2af897c608ad85016a2fca,SITEMAP_PRESENT_ON_CURRENT_MAIN,NOT_LIVE_READBACK_THIS_BATCH,NOT_OBSERVED_IN_RETURNED_ROWS,,,,,COMMERCIAL_INTENT_REVIEW,UNKNOWN_NO_URL_INSPECTION,ACCESS_GAP_NO_CONNECTED_GA4,UNOBSERVED_GOVERNED_LEDGER,PENDING_EVIDENCE,No page row in returned GSC top set; absence here is not zero impressions or proof of non-indexation.,URL Inspection when access returns or next finalized GSC + business-role review
https://hermeslogisticsus.com/paths/marketing/,sitemap.xml,core_money,marketing,commercial/service owner,2026-09-16,RECENT_14D_AT_GSC_END,51f5544a754d79ca0b2af897c608ad85016a2fca,SITEMAP_PRESENT_ON_CURRENT_MAIN,NOT_LIVE_READBACK_THIS_BATCH,NOT_OBSERVED_IN_RETURNED_ROWS,,,,,COMMERCIAL_INTENT_REVIEW,UNKNOWN_NO_URL_INSPECTION,ACCESS_GAP_NO_CONNECTED_GA4,UNOBSERVED_GOVERNED_LEDGER,PENDING_EVIDENCE,No page row in returned GSC top set; absence here is not zero impressions or proof of non-indexation.,URL Inspection when access returns or next finalized GSC + business-role review
https://hermeslogisticsus.com/paths/technology/,sitemap.xml,core_money,technology,commercial/service owner,2026-09-16,RECENT_14D_AT_GSC_END,51f5544a754d79ca0b2af897c608ad85016a2fca,SITEMAP_PRESENT_ON_CURRENT_MAIN,NOT_LIVE_READBACK_THIS_BATCH,NOT_OBSERVED_IN_RETURNED_ROWS,,,,,COMMERCIAL_INTENT_REVIEW,UNKNOWN_NO_URL_INSPECTION,ACCESS_GAP_NO_CONNECTED_GA4,UNOBSERVED_GOVERNED_LEDGER,PENDING_EVIDENCE,No page row in returned GSC top set; absence here is not zero impressions or proof of non-indexation.,URL Inspection when access returns or next finalized GSC + business-role review
https://hermeslogisticsus.com/privacy-choices/,sitemap.xml,core_money,cross,commercial/service owner,2026-08-10,PRE_WINDOW_VERSION,51f5544a754d79ca0b2af897c608ad85016a2fca,SITEMAP_PRESENT_ON_CURRENT_MAIN,NOT_LIVE_READBACK_THIS_BATCH,NOT_OBSERVED_IN_RETURNED_ROWS,,,,,COMMERCIAL_INTENT_REVIEW,UNKNOWN_NO_URL_INSPECTION,ACCESS_GAP_NO_CONNECTED_GA4,UNOBSERVED_GOVERNED_LEDGER,PENDING_EVIDENCE,No page row in returned GSC top set; absence here is not zero impressions or proof of non-indexation.,URL Inspection when access returns or next finalized GSC + business-role review
https://hermeslogisticsus.com/privacy/,sitemap.xml,core_money,cross,commercial/service owner,2026-08-10,PRE_WINDOW_VERSION,51f5544a754d79ca0b2af897c608ad85016a2fca,SITEMAP_PRESENT_ON_CURRENT_MAIN,NOT_LIVE_READBACK_THIS_BATCH,NOT_OBSERVED_IN_RETURNED_ROWS,,,,,COMMERCIAL_INTENT_REVIEW,UNKNOWN_NO_URL_INSPECTION,ACCESS_GAP_NO_CONNECTED_GA4,UNOBSERVED_GOVERNED_LEDGER,PENDING_EVIDENCE,No page row in returned GSC top set; absence here is not zero impressions or proof of non-indexation.,URL Inspection when access returns or next finalized GSC + business-role review
https://hermeslogisticsus.com/ru/,sitemap.xml,localization,cross,localized owner,2026-07-30,PRE_WINDOW_VERSION,51f5544a754d79ca0b2af897c608ad85016a2fca,SITEMAP_PRESENT_ON_CURRENT_MAIN,NOT_LIVE_READBACK_THIS_BATCH,QUERY_PAGE_ROWS_PARTIAL,1,0,3,1,LANGUAGE_OWNER_REVIEW,UNKNOWN_NO_URL_INSPECTION,ACCESS_GAP_NO_CONNECTED_GA4,UNOBSERVED_GOVERNED_LEDGER,PENDING_EVIDENCE,Only partial returned query×page evidence exists; full page/index/outcome evidence is incomplete.,URL Inspection when access returns or next finalized GSC + business-role review
https://hermeslogisticsus.com/ru/academy/,sitemap.xml,localization,academy,localized owner,2026-09-16,RECENT_14D_AT_GSC_END,51f5544a754d79ca0b2af897c608ad85016a2fca,SITEMAP_PRESENT_ON_CURRENT_MAIN,NOT_LIVE_READBACK_THIS_BATCH,NOT_OBSERVED_IN_RETURNED_ROWS,,,,,LANGUAGE_OWNER_REVIEW,UNKNOWN_NO_URL_INSPECTION,ACCESS_GAP_NO_CONNECTED_GA4,UNOBSERVED_GOVERNED_LEDGER,PENDING_EVIDENCE,No page row in returned GSC top set; absence here is not zero impressions or proof of non-indexation.,URL Inspection when access returns or next finalized GSC + business-role review
https://hermeslogisticsus.com/ru/logistics/,sitemap.xml,localization,logistics,localized owner,2026-09-16,RECENT_14D_AT_GSC_END,51f5544a754d79ca0b2af897c608ad85016a2fca,SITEMAP_PRESENT_ON_CURRENT_MAIN,NOT_LIVE_READBACK_THIS_BATCH,NOT_OBSERVED_IN_RETURNED_ROWS,,,,,LANGUAGE_OWNER_REVIEW,UNKNOWN_NO_URL_INSPECTION,ACCESS_GAP_NO_CONNECTED_GA4,UNOBSERVED_GOVERNED_LEDGER,PENDING_EVIDENCE,No page row in returned GSC top set; absence here is not zero impressions or proof of non-indexation.,URL Inspection when access returns or next finalized GSC + business-role review
https://hermeslogisticsus.com/ru/marketing/,sitemap.xml,localization,marketing,localized owner,2026-09-16,RECENT_14D_AT_GSC_END,51f5544a754d79ca0b2af897c608ad85016a2fca,SITEMAP_PRESENT_ON_CURRENT_MAIN,NOT_LIVE_READBACK_THIS_BATCH,NOT_OBSERVED_IN_RETURNED_ROWS,,,,,LANGUAGE_OWNER_REVIEW,UNKNOWN_NO_URL_INSPECTION,ACCESS_GAP_NO_CONNECTED_GA4,UNOBSERVED_GOVERNED_LEDGER,PENDING_EVIDENCE,No page row in returned GSC top set; absence here is not zero impressions or proof of non-indexation.,URL Inspection when access returns or next finalized GSC + business-role review
https://hermeslogisticsus.com/ru/privacy/,sitemap.xml,localization,cross,localized owner,2026-08-30,CHANGED_IN_GSC_WINDOW,51f5544a754d79ca0b2af897c608ad85016a2fca,SITEMAP_PRESENT_ON_CURRENT_MAIN,NOT_LIVE_READBACK_THIS_BATCH,NOT_OBSERVED_IN_RETURNED_ROWS,,,,,LANGUAGE_OWNER_REVIEW,UNKNOWN_NO_URL_INSPECTION,ACCESS_GAP_NO_CONNECTED_GA4,UNOBSERVED_GOVERNED_LEDGER,PENDING_EVIDENCE,No page row in returned GSC top set; absence here is not zero impressions or proof of non-indexation.,URL Inspection when access returns or next finalized GSC + business-role review
https://hermeslogisticsus.com/ru/technology/,sitemap.xml,localization,technology,localized owner,2026-09-16,RECENT_14D_AT_GSC_END,51f5544a754d79ca0b2af897c608ad85016a2fca,SITEMAP_PRESENT_ON_CURRENT_MAIN,NOT_LIVE_READBACK_THIS_BATCH,NOT_OBSERVED_IN_RETURNED_ROWS,,,,,LANGUAGE_OWNER_REVIEW,UNKNOWN_NO_URL_INSPECTION,ACCESS_GAP_NO_CONNECTED_GA4,UNOBSERVED_GOVERNED_LEDGER,PENDING_EVIDENCE,No page row in returned GSC top set; absence here is not zero impressions or proof of non-indexation.,URL Inspection when access returns or next finalized GSC + business-role review
https://hermeslogisticsus.com/ua/,sitemap.xml,localization,cross,localized owner,2026-07-30,PRE_WINDOW_VERSION,51f5544a754d79ca0b2af897c608ad85016a2fca,SITEMAP_PRESENT_ON_CURRENT_MAIN,NOT_LIVE_READBACK_THIS_BATCH,PAGE_ROW_OBSERVED,17,2,19.764705882352942,4,LANGUAGE_OWNER_REVIEW,UNKNOWN_NO_URL_INSPECTION,ACCESS_GAP_NO_CONNECTED_GA4,UNOBSERVED_GOVERNED_LEDGER,KEEP,Authenticated page row has current clicks; preserve owner and measure downstream value.,URL Inspection when access returns or next finalized GSC + business-role review
https://hermeslogisticsus.com/ua/academy/,sitemap.xml,localization,academy,localized owner,2026-09-16,RECENT_14D_AT_GSC_END,51f5544a754d79ca0b2af897c608ad85016a2fca,SITEMAP_PRESENT_ON_CURRENT_MAIN,NOT_LIVE_READBACK_THIS_BATCH,NOT_OBSERVED_IN_RETURNED_ROWS,,,,,LANGUAGE_OWNER_REVIEW,UNKNOWN_NO_URL_INSPECTION,ACCESS_GAP_NO_CONNECTED_GA4,UNOBSERVED_GOVERNED_LEDGER,PENDING_EVIDENCE,No page row in returned GSC top set; absence here is not zero impressions or proof of non-indexation.,URL Inspection when access returns or next finalized GSC + business-role review
https://hermeslogisticsus.com/ua/logistics/,sitemap.xml,localization,logistics,localized owner,2026-09-16,RECENT_14D_AT_GSC_END,51f5544a754d79ca0b2af897c608ad85016a2fca,SITEMAP_PRESENT_ON_CURRENT_MAIN,NOT_LIVE_READBACK_THIS_BATCH,NOT_OBSERVED_IN_RETURNED_ROWS,,,,,LANGUAGE_OWNER_REVIEW,UNKNOWN_NO_URL_INSPECTION,ACCESS_GAP_NO_CONNECTED_GA4,UNOBSERVED_GOVERNED_LEDGER,PENDING_EVIDENCE,No page row in returned GSC top set; absence here is not zero impressions or proof of non-indexation.,URL Inspection when access returns or next finalized GSC + business-role review
https://hermeslogisticsus.com/ua/marketing/,sitemap.xml,localization,marketing,localized owner,2026-09-16,RECENT_14D_AT_GSC_END,51f5544a754d79ca0b2af897c608ad85016a2fca,SITEMAP_PRESENT_ON_CURRENT_MAIN,NOT_LIVE_READBACK_THIS_BATCH,NOT_OBSERVED_IN_RETURNED_ROWS,,,,,LANGUAGE_OWNER_REVIEW,UNKNOWN_NO_URL_INSPECTION,ACCESS_GAP_NO_CONNECTED_GA4,UNOBSERVED_GOVERNED_LEDGER,PENDING_EVIDENCE,No page row in returned GSC top set; absence here is not zero impressions or proof of non-indexation.,URL Inspection when access returns or next finalized GSC + business-role review
https://hermeslogisticsus.com/ua/technology/,sitemap.xml,localization,technology,localized owner,2026-09-16,RECENT_14D_AT_GSC_END,51f5544a754d79ca0b2af897c608ad85016a2fca,SITEMAP_PRESENT_ON_CURRENT_MAIN,NOT_LIVE_READBACK_THIS_BATCH,NOT_OBSERVED_IN_RETURNED_ROWS,,,,,LANGUAGE_OWNER_REVIEW,UNKNOWN_NO_URL_INSPECTION,ACCESS_GAP_NO_CONNECTED_GA4,UNOBSERVED_GOVERNED_LEDGER,PENDING_EVIDENCE,No page row in returned GSC top set; absence here is not zero impressions or proof of non-indexation.,URL Inspection when access returns or next finalized GSC + business-role review
